"id","state_id:id","code","street","street_type","district","city_id:id"
cep_69945000,"l10n_br_data_base.br_ac","69945000","","","","l10n_br_data_base.city_53"
cep_69935000,"l10n_br_data_base.br_ac","69935000","","","","l10n_br_data_base.city_54"
cep_69932000,"l10n_br_data_base.br_ac","69932000","","","","l10n_br_data_base.city_55"
cep_69909110,"l10n_br_data_base.br_ac","69909110","Santa Maria","Rua","Baixa da Colina","l10n_br_data_base.city_67"
cep_69909010,"l10n_br_data_base.br_ac","69909010","Santo Antônio","Rua","José Augusto","l10n_br_data_base.city_67"
cep_69908610,"l10n_br_data_base.br_ac","69908610","Minas Gerais","Rua","Bosque","l10n_br_data_base.city_67"
cep_69908620,"l10n_br_data_base.br_ac","69908620","Nações Unidas","Avenida","Bosque","l10n_br_data_base.city_67"
cep_69908630,"l10n_br_data_base.br_ac","69908630","Marinho Monte","Conjunto","Morada do Sol","l10n_br_data_base.city_67"
cep_69908650,"l10n_br_data_base.br_ac","69908650","Getúlio Vargas","Avenida","Bosque","l10n_br_data_base.city_67"
cep_69908670,"l10n_br_data_base.br_ac","69908670","Brasil","Avenida","Base","l10n_br_data_base.city_67"
cep_69908680,"l10n_br_data_base.br_ac","69908680","Rui Barbosa","Rua","Base","l10n_br_data_base.city_67"
cep_69908690,"l10n_br_data_base.br_ac","69908690","Ceará","Avenida","Base","l10n_br_data_base.city_67"
cep_69908695,"l10n_br_data_base.br_ac","69908695","Rio de Janeiro","Rua","Base","l10n_br_data_base.city_67"
cep_69908700,"l10n_br_data_base.br_ac","69908700","Panair","Rua","Base","l10n_br_data_base.city_67"
cep_69908710,"l10n_br_data_base.br_ac","69908710","Milton Santos","Rua","Bosque","l10n_br_data_base.city_67"
cep_69909020,"l10n_br_data_base.br_ac","69909020","Riachuelo","Rua","José Augusto","l10n_br_data_base.city_67"
cep_69909011,"l10n_br_data_base.br_ac","69909011","Santa Inês","Estrada","São Francisco","l10n_br_data_base.city_67"
cep_69909230,"l10n_br_data_base.br_ac","69909230","Guarani","Travessa","Aviário","l10n_br_data_base.city_67"
cep_69909021,"l10n_br_data_base.br_ac","69909021","São Francisco","Estrada","São Francisco","l10n_br_data_base.city_67"
cep_69909030,"l10n_br_data_base.br_ac","69909030","Santo Afonso","Rua","José Augusto","l10n_br_data_base.city_67"
cep_69909031,"l10n_br_data_base.br_ac","69909031","Joaquim M. Macedo","Rua","São Francisco","l10n_br_data_base.city_67"
cep_69909040,"l10n_br_data_base.br_ac","69909040","Grêmio Atlético Sampaio","Rua","José Augusto","l10n_br_data_base.city_67"
cep_69909041,"l10n_br_data_base.br_ac","69909041","Oscar Passos","Conjunto","São Francisco","l10n_br_data_base.city_67"
cep_69909050,"l10n_br_data_base.br_ac","69909050","Estácio de Sá","Rua","José Augusto","l10n_br_data_base.city_67"
cep_69909060,"l10n_br_data_base.br_ac","69909060","Matinha","Beco","José Augusto","l10n_br_data_base.city_67"
cep_69909070,"l10n_br_data_base.br_ac","69909070","Major Salinas","Rua","José Augusto","l10n_br_data_base.city_67"
cep_69909080,"l10n_br_data_base.br_ac","69909080","Visconde de Mauá","Rua","José Augusto","l10n_br_data_base.city_67"
cep_69909090,"l10n_br_data_base.br_ac","69909090","Sol","Travessa","José Augusto","l10n_br_data_base.city_67"
cep_69917400,"l10n_br_data_base.br_ac","69917400","Tucumã","Conjunto","Distrito Industrial","l10n_br_data_base.city_67"
cep_69909120,"l10n_br_data_base.br_ac","69909120","Francisco Ferreira da Silva","Rua","Baixa da Colina","l10n_br_data_base.city_67"
cep_69909100,"l10n_br_data_base.br_ac","69909100","Olaria","Rua","José Augusto","l10n_br_data_base.city_67"
cep_69909250,"l10n_br_data_base.br_ac","69909250","Mirim","Travessa","Aviário","l10n_br_data_base.city_67"
cep_69909130,"l10n_br_data_base.br_ac","69909130","Pedro Vaz","Rua","Baixa da Colina","l10n_br_data_base.city_67"
cep_69909150,"l10n_br_data_base.br_ac","69909150","Independência","Rua","Baixa da Colina","l10n_br_data_base.city_67"
cep_69909160,"l10n_br_data_base.br_ac","69909160","Ex-Território","Rua","José Augusto","l10n_br_data_base.city_67"
cep_69909170,"l10n_br_data_base.br_ac","69909170","Aviário","Rua","Aviário","l10n_br_data_base.city_67"
cep_69909171,"l10n_br_data_base.br_ac","69909171","Eletra","Conjunto","Aviário","l10n_br_data_base.city_67"
cep_69909180,"l10n_br_data_base.br_ac","69909180","Ciríaco","Travessa","Aviário","l10n_br_data_base.city_67"
cep_69909190,"l10n_br_data_base.br_ac","69909190","Amélia Araripe","Travessa","Aviário","l10n_br_data_base.city_67"
cep_69909200,"l10n_br_data_base.br_ac","69909200","São Gabriel","Travessa","Aviário","l10n_br_data_base.city_67"
cep_69909210,"l10n_br_data_base.br_ac","69909210","Irineu Serra","Travessa","Aviário","l10n_br_data_base.city_67"
cep_69909220,"l10n_br_data_base.br_ac","69909220","Raul Barcelar","Rua","Aviário","l10n_br_data_base.city_67"
cep_69908600,"l10n_br_data_base.br_ac","69908600","Pernambuco","Rua","Bosque","l10n_br_data_base.city_67"
cep_69909240,"l10n_br_data_base.br_ac","69909240","Flamengo","Travessa","Aviário","l10n_br_data_base.city_67"
cep_69910220,"l10n_br_data_base.br_ac","69910220","Invernada","Estrada","Morada do Sol","l10n_br_data_base.city_67"
cep_69909260,"l10n_br_data_base.br_ac","69909260","Antimary","Travessa","Aviário","l10n_br_data_base.city_67"
cep_69909310,"l10n_br_data_base.br_ac","69909310","Álvaro Dantas","Rua","Aviário","l10n_br_data_base.city_67"
cep_69909320,"l10n_br_data_base.br_ac","69909320","Manaus","Rua","Aviário","l10n_br_data_base.city_67"
cep_69909330,"l10n_br_data_base.br_ac","69909330","Beny Manuela","Rua","Aviário","l10n_br_data_base.city_67"
cep_69909340,"l10n_br_data_base.br_ac","69909340","João Donato","Rua","Ipase","l10n_br_data_base.city_67"
cep_69909341,"l10n_br_data_base.br_ac","69909341","Marechal Deodoro","Rua","Aviário","l10n_br_data_base.city_67"
cep_69909350,"l10n_br_data_base.br_ac","69909350","Antônio Monteiro","Rua","Ipase","l10n_br_data_base.city_67"
cep_69909351,"l10n_br_data_base.br_ac","69909351","Thamaturgo de Azevedo","Rua","Ipase","l10n_br_data_base.city_67"
cep_69909360,"l10n_br_data_base.br_ac","69909360","Silvestre Coelho","Rua","Bosque","l10n_br_data_base.city_67"
cep_69909370,"l10n_br_data_base.br_ac","69909370","Guiomard Santos","Rua","Bosque","l10n_br_data_base.city_67"
cep_69910350,"l10n_br_data_base.br_ac","69910350","Mercúrio","Rua","Morada do Sol","l10n_br_data_base.city_67"
cep_69909390,"l10n_br_data_base.br_ac","69909390","Dom Bosco","Rua","Bosque","l10n_br_data_base.city_67"
cep_69909570,"l10n_br_data_base.br_ac","69909570","Guiomard Santos II","Conjunto","Bosque","l10n_br_data_base.city_67"
cep_69909400,"l10n_br_data_base.br_ac","69909400","Quintino Bocaiúva","Rua","Bosque","l10n_br_data_base.city_67"
cep_69909430,"l10n_br_data_base.br_ac","69909430","Milton Matos","Rua","Bosque","l10n_br_data_base.city_67"
cep_69909440,"l10n_br_data_base.br_ac","69909440","Marinho Monte","Travessa","Bosque","l10n_br_data_base.city_67"
cep_69909450,"l10n_br_data_base.br_ac","69909450","Bartolomeu Dias","Rua","Bosque","l10n_br_data_base.city_67"
cep_69909460,"l10n_br_data_base.br_ac","69909460","Custódio Freire","Rua","Bosque","l10n_br_data_base.city_67"
cep_69909470,"l10n_br_data_base.br_ac","69909470","Coronel Brandão","Rua","Bosque","l10n_br_data_base.city_67"
cep_69909480,"l10n_br_data_base.br_ac","69909480","Coronel Brandão","Travessa","Bosque","l10n_br_data_base.city_67"
cep_69909500,"l10n_br_data_base.br_ac","69909500","Kent","Rua","Bosque","l10n_br_data_base.city_67"
cep_69909520,"l10n_br_data_base.br_ac","69909520","Lavousier","Rua","Bosque","l10n_br_data_base.city_67"
cep_69909530,"l10n_br_data_base.br_ac","69909530","Futuro","Rua","Bosque","l10n_br_data_base.city_67"
cep_69910010,"l10n_br_data_base.br_ac","69910010","Maria Amélia","Travessa","Capoeira","l10n_br_data_base.city_67"
cep_69909410,"l10n_br_data_base.br_ac","69909410","Alexandre Farah","Rua","Bosque","l10n_br_data_base.city_67"
cep_69909770,"l10n_br_data_base.br_ac","69909770","Ceará","Avenida","Aviário","l10n_br_data_base.city_67"
cep_69909560,"l10n_br_data_base.br_ac","69909560","Guiomard Santos I","Conjunto","Bosque","l10n_br_data_base.city_67"
cep_69909580,"l10n_br_data_base.br_ac","69909580","Principal","Rua","Bosque","l10n_br_data_base.city_67"
cep_69909590,"l10n_br_data_base.br_ac","69909590","Conde Francisco","Travessa","Bosque","l10n_br_data_base.city_67"
cep_69909600,"l10n_br_data_base.br_ac","69909600","Dezenove de Novembro","Rua","Bosque","l10n_br_data_base.city_67"
cep_69909700,"l10n_br_data_base.br_ac","69909700","Colômbia","Rua","Bosque","l10n_br_data_base.city_67"
cep_69909710,"l10n_br_data_base.br_ac","69909710","Valério Magalhães","Rua","Bosque","l10n_br_data_base.city_67"
cep_69909720,"l10n_br_data_base.br_ac","69909720","Nações Unidas","Avenida","Bosque","l10n_br_data_base.city_67"
cep_69909730,"l10n_br_data_base.br_ac","69909730","Coronel Alexandrino","Rua","Bosque","l10n_br_data_base.city_67"
cep_69909740,"l10n_br_data_base.br_ac","69909740","Francisco Mangabeira","Rua","Bosque","l10n_br_data_base.city_67"
cep_69909750,"l10n_br_data_base.br_ac","69909750","Saudade","Rua","Bosque","l10n_br_data_base.city_67"
cep_69910340,"l10n_br_data_base.br_ac","69910340","Mamão","Rua","Morada do Sol","l10n_br_data_base.city_67"
cep_69921000,"l10n_br_data_base.br_ac","69921000","","","","l10n_br_data_base.city_74"
cep_69909550,"l10n_br_data_base.br_ac","69909550","Serva Ribeiro","Rua","Bosque","l10n_br_data_base.city_67"
cep_69910230,"l10n_br_data_base.br_ac","69910230","Morango","Rua","Morada do Sol","l10n_br_data_base.city_67"
cep_69910020,"l10n_br_data_base.br_ac","69910020","Manoel Cezário","Rua","Capoeira","l10n_br_data_base.city_67"
cep_69910030,"l10n_br_data_base.br_ac","69910030","Felisbela do Nascimento","Travessa","Capoeira","l10n_br_data_base.city_67"
cep_69910040,"l10n_br_data_base.br_ac","69910040","Egito","Travessa","Capoeira","l10n_br_data_base.city_67"
cep_69910050,"l10n_br_data_base.br_ac","69910050","Ita","Travessa","Capoeira","l10n_br_data_base.city_67"
cep_69910060,"l10n_br_data_base.br_ac","69910060","Roraima","Travessa","Capoeira","l10n_br_data_base.city_67"
cep_69910070,"l10n_br_data_base.br_ac","69910070","Campo do Rio Branco","Travessa","Capoeira","l10n_br_data_base.city_67"
cep_69910080,"l10n_br_data_base.br_ac","69910080","Vasco da Gama","Travessa","Capoeira","l10n_br_data_base.city_67"
cep_69910090,"l10n_br_data_base.br_ac","69910090","Colombo","Travessa","Capoeira","l10n_br_data_base.city_67"
cep_69910100,"l10n_br_data_base.br_ac","69910100","Ponta Porã","Travessa","Capoeira","l10n_br_data_base.city_67"
cep_69910110,"l10n_br_data_base.br_ac","69910110","Ajuricaba","Travessa","Capoeira","l10n_br_data_base.city_67"
cep_69909380,"l10n_br_data_base.br_ac","69909380","Alvorada","Rua","Bosque","l10n_br_data_base.city_67"
cep_69909420,"l10n_br_data_base.br_ac","69909420","Alexandre Lopes","Rua","Bosque","l10n_br_data_base.city_67"
cep_69909760,"l10n_br_data_base.br_ac","69909760","José Galdino","Rua","Bosque","l10n_br_data_base.city_67"
cep_69911360,"l10n_br_data_base.br_ac","69911360","H","Rua","Jardim de Alah","l10n_br_data_base.city_67"
cep_69910240,"l10n_br_data_base.br_ac","69910240","Pêssego","Rua","Morada do Sol","l10n_br_data_base.city_67"
cep_69910250,"l10n_br_data_base.br_ac","69910250","Azeitona","Rua","Morada do Sol","l10n_br_data_base.city_67"
cep_69910260,"l10n_br_data_base.br_ac","69910260","Maçã","Rua","Morada do Sol","l10n_br_data_base.city_67"
cep_69910270,"l10n_br_data_base.br_ac","69910270","Laranja","Rua","Morada do Sol","l10n_br_data_base.city_67"
cep_69910280,"l10n_br_data_base.br_ac","69910280","Cupuaçú","Rua","Morada do Sol","l10n_br_data_base.city_67"
cep_69910290,"l10n_br_data_base.br_ac","69910290","Jambo","Rua","Morada do Sol","l10n_br_data_base.city_67"
cep_69910300,"l10n_br_data_base.br_ac","69910300","Graviola","Rua","Morada do Sol","l10n_br_data_base.city_67"
cep_69910310,"l10n_br_data_base.br_ac","69910310","Abacate","Rua","Morada do Sol","l10n_br_data_base.city_67"
cep_69910320,"l10n_br_data_base.br_ac","69910320","Melância","Rua","Morada do Sol","l10n_br_data_base.city_67"
cep_69911660,"l10n_br_data_base.br_ac","69911660","Bem-te-vi","Alameda","Chácara Ipê","l10n_br_data_base.city_67"
cep_69910120,"l10n_br_data_base.br_ac","69910120","Virgílio Lima","Travessa","Capoeira","l10n_br_data_base.city_67"
cep_69910130,"l10n_br_data_base.br_ac","69910130","Ceará","Avenida","Centro","l10n_br_data_base.city_67"
cep_69910440,"l10n_br_data_base.br_ac","69910440","Quatro","Rua","Morada do Sol","l10n_br_data_base.city_67"
cep_69911240,"l10n_br_data_base.br_ac","69911240","Verona","Alameda","Jardim Europa","l10n_br_data_base.city_67"
cep_69911110,"l10n_br_data_base.br_ac","69911110","Bélgica","Alameda","Jardim Europa","l10n_br_data_base.city_67"
cep_69910690,"l10n_br_data_base.br_ac","69910690","Granja","Travessa","Aviário","l10n_br_data_base.city_67"
cep_69910470,"l10n_br_data_base.br_ac","69910470","Vênus","Rua","Morada do Sol","l10n_br_data_base.city_67"
cep_69910355,"l10n_br_data_base.br_ac","69910355","Lua","Rua","Morada do Sol","l10n_br_data_base.city_67"
cep_69910360,"l10n_br_data_base.br_ac","69910360","Órion","Rua","Morada do Sol","l10n_br_data_base.city_67"
cep_69910370,"l10n_br_data_base.br_ac","69910370","Manga","Rua","Morada do Sol","l10n_br_data_base.city_67"
cep_69910380,"l10n_br_data_base.br_ac","69910380","Três","Rua","Morada do Sol","l10n_br_data_base.city_67"
cep_69910390,"l10n_br_data_base.br_ac","69910390","Plutão","Rua","Morada do Sol","l10n_br_data_base.city_67"
cep_69910400,"l10n_br_data_base.br_ac","69910400","Uva","Rua","Morada do Sol","l10n_br_data_base.city_67"
cep_69910410,"l10n_br_data_base.br_ac","69910410","Eros","Rua","Morada do Sol","l10n_br_data_base.city_67"
cep_69911090,"l10n_br_data_base.br_ac","69911090","Mônaco","Alameda","Jardim Europa","l10n_br_data_base.city_67"
cep_69910430,"l10n_br_data_base.br_ac","69910430","I","Rua","Morada do Sol","l10n_br_data_base.city_67"
cep_69911080,"l10n_br_data_base.br_ac","69911080","Portugal","Alameda","Jardim Europa","l10n_br_data_base.city_67"
cep_69910590,"l10n_br_data_base.br_ac","69910590","Urano","Rua","Adalberto Aragão","l10n_br_data_base.city_67"
cep_69910460,"l10n_br_data_base.br_ac","69910460","Vitória Régia","Rua","Morada do Sol","l10n_br_data_base.city_67"
cep_69911140,"l10n_br_data_base.br_ac","69911140","Atenas","Alameda","Jardim Europa","l10n_br_data_base.city_67"
cep_69910475,"l10n_br_data_base.br_ac","69910475","Marte","Rua","Morada do Sol","l10n_br_data_base.city_67"
cep_69910480,"l10n_br_data_base.br_ac","69910480","Dália","Rua","Morada do Sol","l10n_br_data_base.city_67"
cep_69910490,"l10n_br_data_base.br_ac","69910490","Violeta","Rua","Morada do Sol","l10n_br_data_base.city_67"
cep_69910500,"l10n_br_data_base.br_ac","69910500","Dez de Junho","Travessa","Tropical","l10n_br_data_base.city_67"
cep_69910510,"l10n_br_data_base.br_ac","69910510","Serra","Travessa","Tropical","l10n_br_data_base.city_67"
cep_69910520,"l10n_br_data_base.br_ac","69910520","Dama da Noite","Rua","Tropical","l10n_br_data_base.city_67"
cep_69910530,"l10n_br_data_base.br_ac","69910530","Oliveiras","Rua","Tropical","l10n_br_data_base.city_67"
cep_69910540,"l10n_br_data_base.br_ac","69910540","Palmeiras","Rua","Tropical","l10n_br_data_base.city_67"
cep_69910420,"l10n_br_data_base.br_ac","69910420","Pera","Rua","Morada do Sol","l10n_br_data_base.city_67"
cep_69910670,"l10n_br_data_base.br_ac","69910670","Vera Cruz","Travessa","Aviário","l10n_br_data_base.city_67"
cep_69906300,"l10n_br_data_base.br_ac","69906300","R","Rua","Floresta","l10n_br_data_base.city_67"
cep_69906310,"l10n_br_data_base.br_ac","69906310","I","Rua","Floresta","l10n_br_data_base.city_67"
cep_69904355,"l10n_br_data_base.br_ac","69904355","Pantanal","Rua","Aviário","l10n_br_data_base.city_67"
cep_69906211,"l10n_br_data_base.br_ac","69906211","Mauro Bittar","Conjunto","Floresta","l10n_br_data_base.city_67"
cep_69910710,"l10n_br_data_base.br_ac","69910710","Boa Vista","Rua","Aviário","l10n_br_data_base.city_67"
cep_69900380,"l10n_br_data_base.br_ac","69900380","Guaporé","Travessa","Cerâmica","l10n_br_data_base.city_67"
cep_69910600,"l10n_br_data_base.br_ac","69910600","Netuno","Rua","Adalberto Aragão","l10n_br_data_base.city_67"
cep_69910610,"l10n_br_data_base.br_ac","69910610","Halley","Rua","Adalberto Aragão","l10n_br_data_base.city_67"
cep_69910620,"l10n_br_data_base.br_ac","69910620","Terra","Rua","Adalberto Aragão","l10n_br_data_base.city_67"
cep_69910630,"l10n_br_data_base.br_ac","69910630","Antúrios","Rua","Adalberto Aragão","l10n_br_data_base.city_67"
cep_69910640,"l10n_br_data_base.br_ac","69910640","Perpétua","Rua","Adalberto Aragão","l10n_br_data_base.city_67"
cep_69911100,"l10n_br_data_base.br_ac","69911100","Suécia","Alameda","Jardim Europa","l10n_br_data_base.city_67"
cep_69910660,"l10n_br_data_base.br_ac","69910660","Joaquim Chaves","Travessa","Aviário","l10n_br_data_base.city_67"
cep_69910570,"l10n_br_data_base.br_ac","69910570","Lírios","Rua","Tropical","l10n_br_data_base.city_67"
cep_69910680,"l10n_br_data_base.br_ac","69910680","Santa Luzia","Travessa","Aviário","l10n_br_data_base.city_67"
cep_69910585,"l10n_br_data_base.br_ac","69910585","Saturno","Rua","Adalberto Aragão","l10n_br_data_base.city_67"
cep_69910700,"l10n_br_data_base.br_ac","69910700","Amazonas","Rua","Aviário","l10n_br_data_base.city_67"
cep_69910580,"l10n_br_data_base.br_ac","69910580","Júpiter","Rua","Adalberto Aragão","l10n_br_data_base.city_67"
cep_69910720,"l10n_br_data_base.br_ac","69910720","Martiniano Prado","Rua","Aviário","l10n_br_data_base.city_67"
cep_69910730,"l10n_br_data_base.br_ac","69910730","da Usina","Estrada","Aviário","l10n_br_data_base.city_67"
cep_69911030,"l10n_br_data_base.br_ac","69911030","Paris","Alameda","Jardim Europa","l10n_br_data_base.city_67"
cep_69911040,"l10n_br_data_base.br_ac","69911040","Franca","Alameda","Jardim Europa","l10n_br_data_base.city_67"
cep_69911050,"l10n_br_data_base.br_ac","69911050","Finlândia","Alameda","Jardim Europa","l10n_br_data_base.city_67"
cep_69911060,"l10n_br_data_base.br_ac","69911060","Noruega","Alameda","Jardim Europa","l10n_br_data_base.city_67"
cep_69911070,"l10n_br_data_base.br_ac","69911070","Dinamarca","Alameda","Jardim Europa","l10n_br_data_base.city_67"
cep_69910650,"l10n_br_data_base.br_ac","69910650","Cirilo","Rua","Adalberto Aragão","l10n_br_data_base.city_67"
cep_69911250,"l10n_br_data_base.br_ac","69911250","Barcelona","Alameda","Jardim Europa","l10n_br_data_base.city_67"
cep_69911260,"l10n_br_data_base.br_ac","69911260","Lisboa","Alameda","Jardim Europa","l10n_br_data_base.city_67"
cep_69910330,"l10n_br_data_base.br_ac","69910330","Melão","Rua","Morada do Sol","l10n_br_data_base.city_67"
cep_69911150,"l10n_br_data_base.br_ac","69911150","Gênova","Rua","Jardim Europa","l10n_br_data_base.city_67"
cep_69911160,"l10n_br_data_base.br_ac","69911160","Austrália","Rua","Jardim Europa","l10n_br_data_base.city_67"
cep_69911170,"l10n_br_data_base.br_ac","69911170","Itália","Rua","Jardim Europa","l10n_br_data_base.city_67"
cep_69911175,"l10n_br_data_base.br_ac","69911175","Hungria","Alameda","Jardim Europa","l10n_br_data_base.city_67"
cep_69911180,"l10n_br_data_base.br_ac","69911180","Madri","Alameda","Jardim Europa","l10n_br_data_base.city_67"
cep_69911190,"l10n_br_data_base.br_ac","69911190","Sevilha","Alameda","Jardim Europa","l10n_br_data_base.city_67"
cep_69911200,"l10n_br_data_base.br_ac","69911200","Nápoli","Alameda","Jardim Europa","l10n_br_data_base.city_67"
cep_69911210,"l10n_br_data_base.br_ac","69911210","Veneza","Alameda","Jardim Europa","l10n_br_data_base.city_67"
cep_69911220,"l10n_br_data_base.br_ac","69911220","Viena","Alameda","Jardim Europa","l10n_br_data_base.city_67"
cep_69910550,"l10n_br_data_base.br_ac","69910550","Acácias","Rua","Tropical","l10n_br_data_base.city_67"
cep_69911390,"l10n_br_data_base.br_ac","69911390","Recanto Verde","Avenida","Primavera","l10n_br_data_base.city_67"
cep_69911620,"l10n_br_data_base.br_ac","69911620","Mutum","Alameda","Chácara Ipê","l10n_br_data_base.city_67"
cep_69911380,"l10n_br_data_base.br_ac","69911380","Rosas","Rua","Primavera","l10n_br_data_base.city_67"
cep_69911270,"l10n_br_data_base.br_ac","69911270","Coimbra","Alameda","Jardim Europa","l10n_br_data_base.city_67"
cep_69911280,"l10n_br_data_base.br_ac","69911280","Espanha","Alameda","Jardim Europa","l10n_br_data_base.city_67"
cep_69911290,"l10n_br_data_base.br_ac","69911290","A","Rua","Jardim de Alah","l10n_br_data_base.city_67"
cep_69911300,"l10n_br_data_base.br_ac","69911300","B","Rua","Jardim de Alah","l10n_br_data_base.city_67"
cep_69911310,"l10n_br_data_base.br_ac","69911310","C","Rua","Jardim de Alah","l10n_br_data_base.city_67"
cep_69911320,"l10n_br_data_base.br_ac","69911320","D","Rua","Jardim de Alah","l10n_br_data_base.city_67"
cep_69911330,"l10n_br_data_base.br_ac","69911330","E","Rua","Jardim de Alah","l10n_br_data_base.city_67"
cep_69911340,"l10n_br_data_base.br_ac","69911340","F","Rua","Jardim de Alah","l10n_br_data_base.city_67"
cep_69911350,"l10n_br_data_base.br_ac","69911350","G","Rua","Jardim de Alah","l10n_br_data_base.city_67"
cep_69914790,"l10n_br_data_base.br_ac","69914790","Seis de Maio","Rua","Placas","l10n_br_data_base.city_67"
cep_69911230,"l10n_br_data_base.br_ac","69911230","Suíça","Alameda","Jardim Europa","l10n_br_data_base.city_67"
cep_69911120,"l10n_br_data_base.br_ac","69911120","Irlanda","Alameda","Jardim Europa","l10n_br_data_base.city_67"
cep_69911130,"l10n_br_data_base.br_ac","69911130","Escócia","Alameda","Jardim Europa","l10n_br_data_base.city_67"
cep_69910450,"l10n_br_data_base.br_ac","69910450","Jasmin","Rua","Morada do Sol","l10n_br_data_base.city_67"
cep_69911520,"l10n_br_data_base.br_ac","69911520","Orquídeas","Rua","Primavera","l10n_br_data_base.city_67"
cep_69911400,"l10n_br_data_base.br_ac","69911400","Liberdade","Rua","Primavera","l10n_br_data_base.city_67"
cep_69911410,"l10n_br_data_base.br_ac","69911410","Bom Retiro","Rua","Primavera","l10n_br_data_base.city_67"
cep_69911420,"l10n_br_data_base.br_ac","69911420","Alegria","Rua","Primavera","l10n_br_data_base.city_67"
cep_69911430,"l10n_br_data_base.br_ac","69911430","Boa Viagem","Rua","Primavera","l10n_br_data_base.city_67"
cep_69911440,"l10n_br_data_base.br_ac","69911440","Vitória","Rua","Primavera","l10n_br_data_base.city_67"
cep_69911450,"l10n_br_data_base.br_ac","69911450","Paraíso","Rua","Primavera","l10n_br_data_base.city_67"
cep_69911460,"l10n_br_data_base.br_ac","69911460","Felicidade","Rua","Primavera","l10n_br_data_base.city_67"
cep_69911470,"l10n_br_data_base.br_ac","69911470","Hortências","Rua","Primavera","l10n_br_data_base.city_67"
cep_69911500,"l10n_br_data_base.br_ac","69911500","Túlias","Rua","Primavera","l10n_br_data_base.city_67"
cep_69911490,"l10n_br_data_base.br_ac","69911490","Cravos","Rua","Primavera","l10n_br_data_base.city_67"
cep_69911630,"l10n_br_data_base.br_ac","69911630","Jaçanã","Alameda","Chácara Ipê","l10n_br_data_base.city_67"
cep_69911510,"l10n_br_data_base.br_ac","69911510","Camélias","Rua","Primavera","l10n_br_data_base.city_67"
cep_69911370,"l10n_br_data_base.br_ac","69911370","O","Rua","Jardim de Alah","l10n_br_data_base.city_67"
cep_69911530,"l10n_br_data_base.br_ac","69911530","Dálias","Rua","Primavera","l10n_br_data_base.city_67"
cep_69911540,"l10n_br_data_base.br_ac","69911540","Margaridas","Rua","Primavera","l10n_br_data_base.city_67"
cep_69911550,"l10n_br_data_base.br_ac","69911550","Açucenas","Rua","Primavera","l10n_br_data_base.city_67"
cep_69911560,"l10n_br_data_base.br_ac","69911560","Pérolas","Rua","Primavera","l10n_br_data_base.city_67"
cep_69911570,"l10n_br_data_base.br_ac","69911570","Ibiscos","Rua","Primavera","l10n_br_data_base.city_67"
cep_69911580,"l10n_br_data_base.br_ac","69911580","Tucano","Alameda","Chácara Ipê","l10n_br_data_base.city_67"
cep_69911590,"l10n_br_data_base.br_ac","69911590","Beija-Flor","Alameda","Chácara Ipê","l10n_br_data_base.city_67"
cep_69911600,"l10n_br_data_base.br_ac","69911600","Papagaio","Alameda","Chácara Ipê","l10n_br_data_base.city_67"
cep_69911610,"l10n_br_data_base.br_ac","69911610","Picapau","Alameda","Chácara Ipê","l10n_br_data_base.city_67"
cep_69910560,"l10n_br_data_base.br_ac","69910560","Palmas","Rua","Tropical","l10n_br_data_base.city_67"
cep_69911480,"l10n_br_data_base.br_ac","69911480","Violetas","Rua","Primavera","l10n_br_data_base.city_67"
cep_69911835,"l10n_br_data_base.br_ac","69911835","Venezuela","Alameda","Jardim Europa","l10n_br_data_base.city_67"
cep_69914120,"l10n_br_data_base.br_ac","69914120","Padre Cícero","Travessa","Nova Estação","l10n_br_data_base.city_67"
cep_69911720,"l10n_br_data_base.br_ac","69911720","Jaci","Alameda","Chácara Ipê","l10n_br_data_base.city_67"
cep_69911730,"l10n_br_data_base.br_ac","69911730","Uirapuru","Alameda","Chácara Ipê","l10n_br_data_base.city_67"
cep_69911740,"l10n_br_data_base.br_ac","69911740","Buriti","Alameda","Chácara Ipê","l10n_br_data_base.city_67"
cep_69911750,"l10n_br_data_base.br_ac","69911750","Paineiras","Alameda","Chácara Ipê","l10n_br_data_base.city_67"
cep_69911760,"l10n_br_data_base.br_ac","69911760","Garças","Alameda","Chácara Ipê","l10n_br_data_base.city_67"
cep_69911880,"l10n_br_data_base.br_ac","69911880","Manacás","Alameda","Chácara Ipê","l10n_br_data_base.city_67"
cep_69911780,"l10n_br_data_base.br_ac","69911780","Graúna","Alameda","Chácara Ipê","l10n_br_data_base.city_67"
cep_69911875,"l10n_br_data_base.br_ac","69911875","Boa Vista","Alameda","Chácara Ipê","l10n_br_data_base.city_67"
cep_69911800,"l10n_br_data_base.br_ac","69911800","Sabiá","Alameda","Chácara Ipê","l10n_br_data_base.city_67"
cep_69911810,"l10n_br_data_base.br_ac","69911810","Curió","Alameda","Chácara Ipê","l10n_br_data_base.city_67"
cep_69911700,"l10n_br_data_base.br_ac","69911700","Uricuri","Alameda","Chácara Ipê","l10n_br_data_base.city_67"
cep_69911830,"l10n_br_data_base.br_ac","69911830","Lei Áurea","Rua","Preventório","l10n_br_data_base.city_67"
cep_69911690,"l10n_br_data_base.br_ac","69911690","Jasmins","Alameda","Chácara Ipê","l10n_br_data_base.city_67"
cep_69911840,"l10n_br_data_base.br_ac","69911840","Dias Martins","Estrada","Jardim de Alah","l10n_br_data_base.city_67"
cep_69911845,"l10n_br_data_base.br_ac","69911845","Dias Martins","Estrada","Chácara Ipê","l10n_br_data_base.city_67"
cep_69911850,"l10n_br_data_base.br_ac","69911850","Magnólia","Alameda","Chácara Ipê","l10n_br_data_base.city_67"
cep_69911860,"l10n_br_data_base.br_ac","69911860","Palmeiras","Alameda","Chácara Ipê","l10n_br_data_base.city_67"
cep_69911865,"l10n_br_data_base.br_ac","69911865","das Acácias","Alameda","Chácara Ipê","l10n_br_data_base.city_67"
cep_69912605,"l10n_br_data_base.br_ac","69912605","Isaura Parente","Rua","Estação Experimental","l10n_br_data_base.city_67"
cep_69911770,"l10n_br_data_base.br_ac","69911770","Araras","Alameda","Chácara Ipê","l10n_br_data_base.city_67"
cep_69914220,"l10n_br_data_base.br_ac","69914220","BR-364","Rodovia","Distrito Industrial","l10n_br_data_base.city_67"
cep_69914090,"l10n_br_data_base.br_ac","69914090","Floresta","Rua","Nova Estação","l10n_br_data_base.city_67"
cep_69914100,"l10n_br_data_base.br_ac","69914100","Buriti","Rua","Nova Estação","l10n_br_data_base.city_67"
cep_69909540,"l10n_br_data_base.br_ac","69909540","Central","Avenida","Bosque","l10n_br_data_base.city_67"
cep_69911820,"l10n_br_data_base.br_ac","69911820","Gabino Bezoro","Rua","Preventório","l10n_br_data_base.city_67"
cep_69912460,"l10n_br_data_base.br_ac","69912460","Plácido de Castro","Rua","Estação Experimental","l10n_br_data_base.city_67"
cep_69912310,"l10n_br_data_base.br_ac","69912310","Conde D'Eu","Rua","Estação Experimental","l10n_br_data_base.city_67"
cep_69912320,"l10n_br_data_base.br_ac","69912320","Magé","Rua","Estação Experimental","l10n_br_data_base.city_67"
cep_69912350,"l10n_br_data_base.br_ac","69912350","Boa Vista","Travessa","Estação Experimental","l10n_br_data_base.city_67"
cep_69912360,"l10n_br_data_base.br_ac","69912360","Bosque","Travessa","Estação Experimental","l10n_br_data_base.city_67"
cep_69912370,"l10n_br_data_base.br_ac","69912370","Pedro Álvares Cabral","Rua","Estação Experimental","l10n_br_data_base.city_67"
cep_69912380,"l10n_br_data_base.br_ac","69912380","Princesa Isabel","Rua","Estação Experimental","l10n_br_data_base.city_67"
cep_69912600,"l10n_br_data_base.br_ac","69912600","Nações Unidas","Avenida","Estação Experimental","l10n_br_data_base.city_67"
cep_69912400,"l10n_br_data_base.br_ac","69912400","Dias Martins","Rua","Estação Experimental","l10n_br_data_base.city_67"
cep_69911870,"l10n_br_data_base.br_ac","69911870","Flamboyant","Alameda","Chácara Ipê","l10n_br_data_base.city_67"
cep_69912420,"l10n_br_data_base.br_ac","69912420","Fausto Robalo","Rua","Estação Experimental","l10n_br_data_base.city_67"
cep_69912430,"l10n_br_data_base.br_ac","69912430","Fontenele Castro","Rua","Estação Experimental","l10n_br_data_base.city_67"
cep_69911710,"l10n_br_data_base.br_ac","69911710","Açaí","Alameda","Chácara Ipê","l10n_br_data_base.city_67"
cep_69912450,"l10n_br_data_base.br_ac","69912450","Alexandre Leitão","Rua","Estação Experimental","l10n_br_data_base.city_67"
cep_69914130,"l10n_br_data_base.br_ac","69914130","Elizabeth","Travessa","Nova Estação","l10n_br_data_base.city_67"
cep_69912470,"l10n_br_data_base.br_ac","69912470","Dias Martins","Estrada","Estação Experimental","l10n_br_data_base.city_67"
cep_69912490,"l10n_br_data_base.br_ac","69912490","Ceará","Avenida","Cadeia Velha","l10n_br_data_base.city_67"
cep_69912500,"l10n_br_data_base.br_ac","69912500","Petrópolis","Conjunto","Estação Experimental","l10n_br_data_base.city_67"
cep_69912510,"l10n_br_data_base.br_ac","69912510","Paulo César de Oliveira","Conjunto","Estação Experimental","l10n_br_data_base.city_67"
cep_69912515,"l10n_br_data_base.br_ac","69912515","dos Engenheiros","Rua","Estação Experimental","l10n_br_data_base.city_67"
cep_69914460,"l10n_br_data_base.br_ac","69914460","Valdomiro Lopes","Rua","Vila Ivonete","l10n_br_data_base.city_67"
cep_69912390,"l10n_br_data_base.br_ac","69912390","Vital Brasil","Rua","Estação Experimental","l10n_br_data_base.city_67"
cep_69911790,"l10n_br_data_base.br_ac","69911790","Japim","Alameda","Chácara Ipê","l10n_br_data_base.city_67"
cep_69908560,"l10n_br_data_base.br_ac","69908560","Antônio Rocha Viana","Travessa","Alegria","l10n_br_data_base.city_67"
cep_69911670,"l10n_br_data_base.br_ac","69911670","Canário","Alameda","Chácara Ipê","l10n_br_data_base.city_67"
cep_69911680,"l10n_br_data_base.br_ac","69911680","Azaléas","Alameda","Chácara Ipê","l10n_br_data_base.city_67"
cep_69912440,"l10n_br_data_base.br_ac","69912440","Coronel João Câncio","Rua","Estação Experimental","l10n_br_data_base.city_67"
cep_69912705,"l10n_br_data_base.br_ac","69912705","Paraíba","Rua","Manoel Julião","l10n_br_data_base.city_67"
cep_69914110,"l10n_br_data_base.br_ac","69914110","Passarela","Rua","Nova Estação","l10n_br_data_base.city_67"
cep_69912645,"l10n_br_data_base.br_ac","69912645","João Chalub","Rua","Manoel Julião","l10n_br_data_base.city_67"
cep_69912650,"l10n_br_data_base.br_ac","69912650","Tenente Adherbal Brasil","Rua","Manoel Julião","l10n_br_data_base.city_67"
cep_69912655,"l10n_br_data_base.br_ac","69912655","F","Rua","Manoel Julião","l10n_br_data_base.city_67"
cep_69912660,"l10n_br_data_base.br_ac","69912660","B","Rua","Manoel Julião","l10n_br_data_base.city_67"
cep_69914080,"l10n_br_data_base.br_ac","69914080","Esperança","Rua","Nova Estação","l10n_br_data_base.city_67"
cep_69912670,"l10n_br_data_base.br_ac","69912670","C","Rua","Manoel Julião","l10n_br_data_base.city_67"
cep_69914070,"l10n_br_data_base.br_ac","69914070","Palmeira","Rua","Nova Estação","l10n_br_data_base.city_67"
cep_69912680,"l10n_br_data_base.br_ac","69912680","A","Rua","Manoel Julião","l10n_br_data_base.city_67"
cep_69912685,"l10n_br_data_base.br_ac","69912685","Sete","Rua","Manoel Julião","l10n_br_data_base.city_67"
cep_69912690,"l10n_br_data_base.br_ac","69912690","Oito","Rua","Manoel Julião","l10n_br_data_base.city_67"
cep_69912635,"l10n_br_data_base.br_ac","69912635","Jaguaribe","Rua","Estação Experimental","l10n_br_data_base.city_67"
cep_69912700,"l10n_br_data_base.br_ac","69912700","Conquista","Rua","Manoel Julião","l10n_br_data_base.city_67"
cep_69912630,"l10n_br_data_base.br_ac","69912630","Tutóia do Maranhão","Rua","Estação Experimental","l10n_br_data_base.city_67"
cep_69914000,"l10n_br_data_base.br_ac","69914000","Getúlio Vargas","Avenida","Vila Ivonete","l10n_br_data_base.city_67"
cep_69914010,"l10n_br_data_base.br_ac","69914010","Chico Mendes","Rua","Geraldo Fleming","l10n_br_data_base.city_67"
cep_69914020,"l10n_br_data_base.br_ac","69914020","Santa Rita","Rua","Nova Estação","l10n_br_data_base.city_67"
cep_69914030,"l10n_br_data_base.br_ac","69914030","João Viana","Rua","Nova Estação","l10n_br_data_base.city_67"
cep_69911650,"l10n_br_data_base.br_ac","69911650","Jacamim","Alameda","Chácara Ipê","l10n_br_data_base.city_67"
cep_69912665,"l10n_br_data_base.br_ac","69912665","D","Rua","Manoel Julião","l10n_br_data_base.city_67"
cep_69985000,"l10n_br_data_base.br_ac","69985000","","","","l10n_br_data_base.city_68"
cep_69925000,"l10n_br_data_base.br_ac","69925000","","","","l10n_br_data_base.city_70"
cep_69940000,"l10n_br_data_base.br_ac","69940000","","","","l10n_br_data_base.city_71"
cep_69970000,"l10n_br_data_base.br_ac","69970000","","","","l10n_br_data_base.city_72"
cep_69930000,"l10n_br_data_base.br_ac","69930000","","","","l10n_br_data_base.city_73"
cep_69912695,"l10n_br_data_base.br_ac","69912695","Maracanã","Rua","Manoel Julião","l10n_br_data_base.city_67"
cep_69914370,"l10n_br_data_base.br_ac","69914370","Abelhas","Rua","Santa Quitéria","l10n_br_data_base.city_67"
cep_69914140,"l10n_br_data_base.br_ac","69914140","Rio Branco","Travessa","Nova Estação","l10n_br_data_base.city_67"
cep_69914150,"l10n_br_data_base.br_ac","69914150","Castro Alves","Travessa","Nova Estação","l10n_br_data_base.city_67"
cep_69914160,"l10n_br_data_base.br_ac","69914160","Horizonte","Travessa","Nova Estação","l10n_br_data_base.city_67"
cep_69914170,"l10n_br_data_base.br_ac","69914170","Alegria","Travessa","Nova Estação","l10n_br_data_base.city_67"
cep_69914180,"l10n_br_data_base.br_ac","69914180","Niterói","Travessa","Nova Estação","l10n_br_data_base.city_67"
cep_69912530,"l10n_br_data_base.br_ac","69912530","Mendes Júnior","Vila","Estação Experimental","l10n_br_data_base.city_67"
cep_69914210,"l10n_br_data_base.br_ac","69914210","Vitória","Rua","Nova Estação","l10n_br_data_base.city_67"
cep_69914040,"l10n_br_data_base.br_ac","69914040","Fonte Nova","Rua","Geraldo Fleming","l10n_br_data_base.city_67"
cep_69914320,"l10n_br_data_base.br_ac","69914320","José Magalhães","Rua","Santa Quitéria","l10n_br_data_base.city_67"
cep_69914340,"l10n_br_data_base.br_ac","69914340","Aquarela","Rua","Santa Quitéria","l10n_br_data_base.city_67"
cep_69914350,"l10n_br_data_base.br_ac","69914350","Padre Cícero","Rua","Santa Quitéria","l10n_br_data_base.city_67"
cep_69912640,"l10n_br_data_base.br_ac","69912640","Raimundo F. Pinto","Rua","Manoel Julião","l10n_br_data_base.city_67"
cep_69914360,"l10n_br_data_base.br_ac","69914360","Botafogo","Rua","Santa Quitéria","l10n_br_data_base.city_67"
cep_69912000,"l10n_br_data_base.br_ac","69912000","Tangará","Conjunto","Estação Experimental","l10n_br_data_base.city_67"
cep_69914380,"l10n_br_data_base.br_ac","69914380","Copacabana","Rua","Vila Ivonete","l10n_br_data_base.city_67"
cep_69914381,"l10n_br_data_base.br_ac","69914381","Tancredo Neves","Conjunto","Vila Ivonete","l10n_br_data_base.city_67"
cep_69914390,"l10n_br_data_base.br_ac","69914390","Iracema","Rua","Vila Ivonete","l10n_br_data_base.city_67"
cep_69914391,"l10n_br_data_base.br_ac","69914391","Jardim América","Conjunto","Vila Ivonete","l10n_br_data_base.city_67"
cep_69914400,"l10n_br_data_base.br_ac","69914400","São Sebastião","Rua","Vila Ivonete","l10n_br_data_base.city_67"
cep_69914200,"l10n_br_data_base.br_ac","69914200","Mutema","Travessa","Nova Estação","l10n_br_data_base.city_67"
cep_69912675,"l10n_br_data_base.br_ac","69912675","G","Rua","Manoel Julião","l10n_br_data_base.city_67"
cep_69912610,"l10n_br_data_base.br_ac","69912610","Vinte e Oito","Rua","Estação Experimental","l10n_br_data_base.city_67"
cep_69912615,"l10n_br_data_base.br_ac","69912615","Trinta e Seis","Rua","Estação Experimental","l10n_br_data_base.city_67"
cep_69912620,"l10n_br_data_base.br_ac","69912620","Luiz Z. da Silva","Rua","Estação Experimental","l10n_br_data_base.city_67"
cep_69912625,"l10n_br_data_base.br_ac","69912625","Santa Fé","Rua","Estação Experimental","l10n_br_data_base.city_67"
cep_69914355,"l10n_br_data_base.br_ac","69914355","Antônio Pinheiro Sobrinho","Rua","Santa Quitéria","l10n_br_data_base.city_67"
cep_69914630,"l10n_br_data_base.br_ac","69914630","Itapuã","Rua","Conquista","l10n_br_data_base.city_67"
cep_69912305,"l10n_br_data_base.br_ac","69912305","Nova","Rua","Estação Experimental","l10n_br_data_base.city_67"
cep_69914500,"l10n_br_data_base.br_ac","69914500","Solar","Conjunto","Vila Ivonete","l10n_br_data_base.city_67"
cep_69914510,"l10n_br_data_base.br_ac","69914510","Siqueira Campos","Rua","Vila Ivonete","l10n_br_data_base.city_67"
cep_69914515,"l10n_br_data_base.br_ac","69914515","Itamar Pascoal","Rua","Vila Ivonete","l10n_br_data_base.city_67"
cep_69914520,"l10n_br_data_base.br_ac","69914520","Florência Mesquita","Rua","Vila Ivonete","l10n_br_data_base.city_67"
cep_69914550,"l10n_br_data_base.br_ac","69914550","Parati","Rua","Vila Ivonete","l10n_br_data_base.city_67"
cep_69914560,"l10n_br_data_base.br_ac","69914560","Ipanema","Rua","Vila Ivonete","l10n_br_data_base.city_67"
cep_69914570,"l10n_br_data_base.br_ac","69914570","Bertioga","Rua","Vila Ivonete","l10n_br_data_base.city_67"
cep_69914580,"l10n_br_data_base.br_ac","69914580","Guajará","Rua","Vila Ivonete","l10n_br_data_base.city_67"
cep_69914780,"l10n_br_data_base.br_ac","69914780","Três de Setembro","Rua","Placas","l10n_br_data_base.city_67"
cep_69914600,"l10n_br_data_base.br_ac","69914600","Itapuã","Rua","Vila Ivonete","l10n_br_data_base.city_67"
cep_69914470,"l10n_br_data_base.br_ac","69914470","José Maria Rios","Rua","Vila Ivonete","l10n_br_data_base.city_67"
cep_69914620,"l10n_br_data_base.br_ac","69914620","Camburiú","Rua","Vila Ivonete","l10n_br_data_base.city_67"
cep_69911640,"l10n_br_data_base.br_ac","69911640","Jaburu","Alameda","Chácara Ipê","l10n_br_data_base.city_67"
cep_69914640,"l10n_br_data_base.br_ac","69914640","Fluminense","Rua","Conquista","l10n_br_data_base.city_67"
cep_69914650,"l10n_br_data_base.br_ac","69914650","Dourados","Rua","Conquista","l10n_br_data_base.city_67"
cep_69914660,"l10n_br_data_base.br_ac","69914660","Karen","Rua","Conquista","l10n_br_data_base.city_67"
cep_69914670,"l10n_br_data_base.br_ac","69914670","Beira-Rio","Rua","Conquista","l10n_br_data_base.city_67"
cep_69914720,"l10n_br_data_base.br_ac","69914720","Porto Acre","Estrada","Placas","l10n_br_data_base.city_67"
cep_69914730,"l10n_br_data_base.br_ac","69914730","Teodolino Falcão Macedo","Rua","Placas","l10n_br_data_base.city_67"
cep_69914740,"l10n_br_data_base.br_ac","69914740","Sete de Setembro","Rua","Placas","l10n_br_data_base.city_67"
cep_69914750,"l10n_br_data_base.br_ac","69914750","Dez de Julho","Rua","Placas","l10n_br_data_base.city_67"
cep_69918110,"l10n_br_data_base.br_ac","69918110","Nove","Rua","Tancredo Neves","l10n_br_data_base.city_67"
cep_69914590,"l10n_br_data_base.br_ac","69914590","Ubatuba","Rua","Vila Ivonete","l10n_br_data_base.city_67"
cep_69900230,"l10n_br_data_base.br_ac","69900230","Thamaturgo de Azevedo","Travessa","Ipase","l10n_br_data_base.city_67"
cep_69914770,"l10n_br_data_base.br_ac","69914770","Dois de Abril","Rua","Placas","l10n_br_data_base.city_67"
cep_69918000,"l10n_br_data_base.br_ac","69918000","Três","Avenida","Tancredo Neves","l10n_br_data_base.city_67"
cep_69914800,"l10n_br_data_base.br_ac","69914800","Doze de Outubro","Rua","Placas","l10n_br_data_base.city_67"
cep_69914810,"l10n_br_data_base.br_ac","69914810","Sete de Dezembro","Rua","Placas","l10n_br_data_base.city_67"
cep_69914820,"l10n_br_data_base.br_ac","69914820","Vinte de Março","Rua","Placas","l10n_br_data_base.city_67"
cep_69914830,"l10n_br_data_base.br_ac","69914830","Primeiro de Janeiro","Rua","Placas","l10n_br_data_base.city_67"
cep_69914840,"l10n_br_data_base.br_ac","69914840","Doze de Junho","Rua","Placas","l10n_br_data_base.city_67"
cep_69914850,"l10n_br_data_base.br_ac","69914850","Quinze de Novembro","Rua","Placas","l10n_br_data_base.city_67"
cep_69914860,"l10n_br_data_base.br_ac","69914860","Raimundo Melo","Conjunto","Placas","l10n_br_data_base.city_67"
cep_69915300,"l10n_br_data_base.br_ac","69915300","Universitário","Conjunto","Distrito Industrial","l10n_br_data_base.city_67"
cep_69917100,"l10n_br_data_base.br_ac","69917100","Distrito Industrial Zona A","Conjunto","Distrito Industrial","l10n_br_data_base.city_67"
cep_69918100,"l10n_br_data_base.br_ac","69918100","Oito","Rua","Tancredo Neves","l10n_br_data_base.city_67"
cep_69917300,"l10n_br_data_base.br_ac","69917300","Distrito Industrial Zona C","Conjunto","Distrito Industrial","l10n_br_data_base.city_67"
cep_69914480,"l10n_br_data_base.br_ac","69914480","Procon","Conjunto","Vila Ivonete","l10n_br_data_base.city_67"
cep_69917405,"l10n_br_data_base.br_ac","69917405","Rui Lino","Conjunto","Distrito Industrial","l10n_br_data_base.city_67"
cep_69918420,"l10n_br_data_base.br_ac","69918420","Novo Horizonte","Conjunto","Novo Horizonte","l10n_br_data_base.city_67"
cep_69918010,"l10n_br_data_base.br_ac","69918010","Dois","Avenida","Tancredo Neves","l10n_br_data_base.city_67"
cep_69918020,"l10n_br_data_base.br_ac","69918020","Um","Avenida","Tancredo Neves","l10n_br_data_base.city_67"
cep_69918030,"l10n_br_data_base.br_ac","69918030","Um","Rua","Tancredo Neves","l10n_br_data_base.city_67"
cep_69918040,"l10n_br_data_base.br_ac","69918040","Dois","Rua","Tancredo Neves","l10n_br_data_base.city_67"
cep_69918050,"l10n_br_data_base.br_ac","69918050","Três","Rua","Tancredo Neves","l10n_br_data_base.city_67"
cep_69918060,"l10n_br_data_base.br_ac","69918060","Quatro","Rua","Tancredo Neves","l10n_br_data_base.city_67"
cep_69918070,"l10n_br_data_base.br_ac","69918070","Cinco","Rua","Tancredo Neves","l10n_br_data_base.city_67"
cep_69918080,"l10n_br_data_base.br_ac","69918080","Seis","Rua","Tancredo Neves","l10n_br_data_base.city_67"
cep_69914450,"l10n_br_data_base.br_ac","69914450","Otávio Rola","Rua","Vila Ivonete","l10n_br_data_base.city_67"
cep_69917200,"l10n_br_data_base.br_ac","69917200","Distrito Industrial Zona B","Conjunto","Distrito Industrial","l10n_br_data_base.city_67"
cep_69914610,"l10n_br_data_base.br_ac","69914610","Antônio da Rocha Viana","Rua","Vila Ivonete","l10n_br_data_base.city_67"
cep_69914760,"l10n_br_data_base.br_ac","69914760","Primeiro de Agosto","Rua","Placas","l10n_br_data_base.city_67"
cep_69918300,"l10n_br_data_base.br_ac","69918300","Vinte e Seis","Rua","Tancredo Neves","l10n_br_data_base.city_67"
cep_69918160,"l10n_br_data_base.br_ac","69918160","Quatorze","Rua","Tancredo Neves","l10n_br_data_base.city_67"
cep_69918170,"l10n_br_data_base.br_ac","69918170","Quinze","Rua","Tancredo Neves","l10n_br_data_base.city_67"
cep_69918180,"l10n_br_data_base.br_ac","69918180","Dezesseis","Rua","Tancredo Neves","l10n_br_data_base.city_67"
cep_69918190,"l10n_br_data_base.br_ac","69918190","Dezessete","Rua","Tancredo Neves","l10n_br_data_base.city_67"
cep_69918220,"l10n_br_data_base.br_ac","69918220","Dezoito","Rua","Tancredo Neves","l10n_br_data_base.city_67"
cep_69918230,"l10n_br_data_base.br_ac","69918230","Dezenove","Rua","Tancredo Neves","l10n_br_data_base.city_67"
cep_69918240,"l10n_br_data_base.br_ac","69918240","Vinte","Rua","Tancredo Neves","l10n_br_data_base.city_67"
cep_69918390,"l10n_br_data_base.br_ac","69918390","Trinta e Cinco","Rua","Tancredo Neves","l10n_br_data_base.city_67"
cep_69918250,"l10n_br_data_base.br_ac","69918250","Vinte e Um","Rua","Tancredo Neves","l10n_br_data_base.city_67"
cep_69918380,"l10n_br_data_base.br_ac","69918380","Trinta e Quatro","Rua","Tancredo Neves","l10n_br_data_base.city_67"
cep_69918270,"l10n_br_data_base.br_ac","69918270","Vinte e Três","Rua","Tancredo Neves","l10n_br_data_base.city_67"
cep_69918400,"l10n_br_data_base.br_ac","69918400","Juarez Távora","Estrada","Tancredo Neves","l10n_br_data_base.city_67"
cep_69918290,"l10n_br_data_base.br_ac","69918290","Vinte e Cinco","Rua","Tancredo Neves","l10n_br_data_base.city_67"
cep_69918130,"l10n_br_data_base.br_ac","69918130","Onze","Rua","Tancredo Neves","l10n_br_data_base.city_67"
cep_69918310,"l10n_br_data_base.br_ac","69918310","Vinte e Sete","Rua","Tancredo Neves","l10n_br_data_base.city_67"
cep_69918320,"l10n_br_data_base.br_ac","69918320","Vinte e Oito","Rua","Tancredo Neves","l10n_br_data_base.city_67"
cep_69918330,"l10n_br_data_base.br_ac","69918330","Vinte e Nove","Rua","Tancredo Neves","l10n_br_data_base.city_67"
cep_69918340,"l10n_br_data_base.br_ac","69918340","Trinta","Rua","Tancredo Neves","l10n_br_data_base.city_67"
cep_69918350,"l10n_br_data_base.br_ac","69918350","Trinta e Um","Rua","Tancredo Neves","l10n_br_data_base.city_67"
cep_69918360,"l10n_br_data_base.br_ac","69918360","Trinta e Dois","Rua","Tancredo Neves","l10n_br_data_base.city_67"
cep_69914440,"l10n_br_data_base.br_ac","69914440","Educandos","Rua","Vila Ivonete","l10n_br_data_base.city_67"
cep_69918245,"l10n_br_data_base.br_ac","69918245","Dois de Abril","Rua","Tancredo Neves","l10n_br_data_base.city_67"
cep_69912410,"l10n_br_data_base.br_ac","69912410","Afonso Amoedo","Rua","Estação Experimental","l10n_br_data_base.city_67"
cep_69911885,"l10n_br_data_base.br_ac","69911885","Ipê","Alameda","Chácara Ipê","l10n_br_data_base.city_67"
cep_69906270,"l10n_br_data_base.br_ac","69906270","P","Rua","Floresta","l10n_br_data_base.city_67"
cep_69918280,"l10n_br_data_base.br_ac","69918280","Vinte e Quatro","Rua","Tancredo Neves","l10n_br_data_base.city_67"
cep_69900270,"l10n_br_data_base.br_ac","69900270","Amapá","Travessa","Cerâmica","l10n_br_data_base.city_67"
cep_69912300,"l10n_br_data_base.br_ac","69912300","Duque de Caxias","Rua","Estação Experimental","l10n_br_data_base.city_67"
cep_69918425,"l10n_br_data_base.br_ac","69918425","Adalberto Sena","Conjunto","Vila Ivonete","l10n_br_data_base.city_67"
cep_69918430,"l10n_br_data_base.br_ac","69918430","Xavier Maia","Conjunto","Vila Ivonete","l10n_br_data_base.city_67"
cep_69900050,"l10n_br_data_base.br_ac","69900050","Bandeira","Praça","Centro","l10n_br_data_base.city_67"
cep_69900100,"l10n_br_data_base.br_ac","69900100","Brasil","Avenida","Centro","l10n_br_data_base.city_67"
cep_69900110,"l10n_br_data_base.br_ac","69900110","Epaminondas Jácome","Rua","Centro","l10n_br_data_base.city_67"
cep_69900120,"l10n_br_data_base.br_ac","69900120","Rui Barbosa","Rua","Centro","l10n_br_data_base.city_67"
cep_69900160,"l10n_br_data_base.br_ac","69900160","Benjamim Constant","Rua","Centro","l10n_br_data_base.city_67"
cep_69918090,"l10n_br_data_base.br_ac","69918090","Sete","Rua","Tancredo Neves","l10n_br_data_base.city_67"
cep_69900220,"l10n_br_data_base.br_ac","69900220","Ipase","Rua","Ipase","l10n_br_data_base.city_67"
cep_69918370,"l10n_br_data_base.br_ac","69918370","Trinta e Três","Rua","Tancredo Neves","l10n_br_data_base.city_67"
cep_69918150,"l10n_br_data_base.br_ac","69918150","Treze","Rua","Tancredo Neves","l10n_br_data_base.city_67"
cep_69900260,"l10n_br_data_base.br_ac","69900260","Rio Branco","Travessa","Cerâmica","l10n_br_data_base.city_67"
cep_69918140,"l10n_br_data_base.br_ac","69918140","Doze","Rua","Tancredo Neves","l10n_br_data_base.city_67"
cep_69900280,"l10n_br_data_base.br_ac","69900280","Venezuela","Rua","Cerâmica","l10n_br_data_base.city_67"
cep_69900290,"l10n_br_data_base.br_ac","69900290","Peru","Rua","Cerâmica","l10n_br_data_base.city_67"
cep_69900310,"l10n_br_data_base.br_ac","69900310","Equador","Rua","Cerâmica","l10n_br_data_base.city_67"
cep_69900320,"l10n_br_data_base.br_ac","69900320","Quito","Rua","Cerâmica","l10n_br_data_base.city_67"
cep_69900330,"l10n_br_data_base.br_ac","69900330","Lima","Rua","Cerâmica","l10n_br_data_base.city_67"
cep_69900340,"l10n_br_data_base.br_ac","69900340","Chile","Rua","Cerâmica","l10n_br_data_base.city_67"
cep_69900350,"l10n_br_data_base.br_ac","69900350","Benjamim Constant","Travessa","Cerâmica","l10n_br_data_base.city_67"
cep_69900360,"l10n_br_data_base.br_ac","69900360","Esperança","Travessa","Cerâmica","l10n_br_data_base.city_67"
cep_69900210,"l10n_br_data_base.br_ac","69900210","Marechal Deodoro","Rua","Centro","l10n_br_data_base.city_67"
cep_69918260,"l10n_br_data_base.br_ac","69918260","Vinte e Dois","Rua","Tancredo Neves","l10n_br_data_base.city_67"
cep_69918120,"l10n_br_data_base.br_ac","69918120","Dez","Rua","Tancredo Neves","l10n_br_data_base.city_67"
cep_69918410,"l10n_br_data_base.br_ac","69918410","Custódio Ferreira","Estrada","Placas","l10n_br_data_base.city_67"
cep_69900250,"l10n_br_data_base.br_ac","69900250","Júlio César","Travessa","Cerâmica","l10n_br_data_base.city_67"
cep_69900430,"l10n_br_data_base.br_ac","69900430","Absolon de Almeida","Travessa","Cerâmica","l10n_br_data_base.city_67"
cep_69900670,"l10n_br_data_base.br_ac","69900670","P","Rua","Terminal Cadeia Velha","l10n_br_data_base.city_67"
cep_69901090,"l10n_br_data_base.br_ac","69901090","Cabanelas","Travessa","Seis de Agosto","l10n_br_data_base.city_67"
cep_69901100,"l10n_br_data_base.br_ac","69901100","Cearense","Travessa","Seis de Agosto","l10n_br_data_base.city_67"
cep_69901110,"l10n_br_data_base.br_ac","69901110","Santa Terezinha","Rua","Seis de Agosto","l10n_br_data_base.city_67"
cep_69901130,"l10n_br_data_base.br_ac","69901130","Éden","Rua","Seis de Agosto","l10n_br_data_base.city_67"
cep_69901150,"l10n_br_data_base.br_ac","69901150","Vinte e Quatro de Janeiro","Rua","Seis de Agosto","l10n_br_data_base.city_67"
cep_69901160,"l10n_br_data_base.br_ac","69901160","Eduardo Assmar","Rua","Seis de Agosto","l10n_br_data_base.city_67"
cep_69901170,"l10n_br_data_base.br_ac","69901170","Cunha Matos","Rua","Seis de Agosto","l10n_br_data_base.city_67"
cep_69901180,"l10n_br_data_base.br_ac","69901180","AC-040","Rodovia","Seis de Agosto","l10n_br_data_base.city_67"
cep_69902350,"l10n_br_data_base.br_ac","69902350","AC-040","Rodovia","Areal","l10n_br_data_base.city_67"
cep_69901060,"l10n_br_data_base.br_ac","69901060","Virgílio Lima","Rua","Seis de Agosto","l10n_br_data_base.city_67"
cep_69901070,"l10n_br_data_base.br_ac","69901070","Pio Nazário","Rua","Seis de Agosto","l10n_br_data_base.city_67"
cep_69900115,"l10n_br_data_base.br_ac","69900115","Epaminondas Jácome","Avenida","Cadeia Velha","l10n_br_data_base.city_67"
cep_69901200,"l10n_br_data_base.br_ac","69901200","Dezesseis de Outubro","Rua","Quinze","l10n_br_data_base.city_67"
cep_69900440,"l10n_br_data_base.br_ac","69900440","Pará","Rua","Cadeia Velha","l10n_br_data_base.city_67"
cep_69900450,"l10n_br_data_base.br_ac","69900450","Santa Catarina","Rua","Cadeia Velha","l10n_br_data_base.city_67"
cep_69900460,"l10n_br_data_base.br_ac","69900460","Ceará","Avenida","Cadeia Velha","l10n_br_data_base.city_67"
cep_69900465,"l10n_br_data_base.br_ac","69900465","Manoel Cezário","Rua","Centro","l10n_br_data_base.city_67"
cep_69900470,"l10n_br_data_base.br_ac","69900470","Nilo Bezerra","Travessa","Cadeia Velha","l10n_br_data_base.city_67"
cep_69900490,"l10n_br_data_base.br_ac","69900490","Alércio Dias","Rua","Cadeia Velha","l10n_br_data_base.city_67"
cep_69900500,"l10n_br_data_base.br_ac","69900500","Alércio Dias","Travessa","Cadeia Velha","l10n_br_data_base.city_67"
cep_69900520,"l10n_br_data_base.br_ac","69900520","A","Rua","Terminal Cadeia Velha","l10n_br_data_base.city_67"
cep_69900530,"l10n_br_data_base.br_ac","69900530","B","Rua","Terminal Cadeia Velha","l10n_br_data_base.city_67"
cep_69900680,"l10n_br_data_base.br_ac","69900680","Q","Rua","Terminal Cadeia Velha","l10n_br_data_base.city_67"
cep_69906290,"l10n_br_data_base.br_ac","69906290","G","Rua","Floresta","l10n_br_data_base.city_67"
cep_69900560,"l10n_br_data_base.br_ac","69900560","E","Rua","Terminal Cadeia Velha","l10n_br_data_base.city_67"
cep_69903830,"l10n_br_data_base.br_ac","69903830","Principal","Rua","Palheiral","l10n_br_data_base.city_67"
cep_69903835,"l10n_br_data_base.br_ac","69903835","Tapajós","Rua","Palheiral","l10n_br_data_base.city_67"
cep_69904120,"l10n_br_data_base.br_ac","69904120","Campo Grande","Rua","João Eduardo","l10n_br_data_base.city_67"
cep_69904015,"l10n_br_data_base.br_ac","69904015","Ozaninha","Rua","João Eduardo","l10n_br_data_base.city_67"
cep_69904020,"l10n_br_data_base.br_ac","69904020","Mauá","Travessa","João Eduardo","l10n_br_data_base.city_67"
cep_69904030,"l10n_br_data_base.br_ac","69904030","São José","Rua","João Eduardo","l10n_br_data_base.city_67"
cep_69904035,"l10n_br_data_base.br_ac","69904035","São Francisco","Rua","João Eduardo","l10n_br_data_base.city_67"
cep_69904050,"l10n_br_data_base.br_ac","69904050","Francisco Xavier","Rua","João Eduardo","l10n_br_data_base.city_67"
cep_69904060,"l10n_br_data_base.br_ac","69904060","Capixaba","Rua","João Eduardo","l10n_br_data_base.city_67"
cep_69904070,"l10n_br_data_base.br_ac","69904070","Guanabara","Travessa","João Eduardo","l10n_br_data_base.city_67"
cep_69904080,"l10n_br_data_base.br_ac","69904080","Ana Neri","Rua","João Eduardo","l10n_br_data_base.city_67"
cep_69904090,"l10n_br_data_base.br_ac","69904090","São Luiz","Rua","João Eduardo","l10n_br_data_base.city_67"
cep_69900665,"l10n_br_data_base.br_ac","69900665","O","Rua","Terminal Cadeia Velha","l10n_br_data_base.city_67"
cep_69903705,"l10n_br_data_base.br_ac","69903705","Sobral","Estrada","Sobral","l10n_br_data_base.city_67"
cep_69900570,"l10n_br_data_base.br_ac","69900570","F","Rua","Terminal Cadeia Velha","l10n_br_data_base.city_67"
cep_69901080,"l10n_br_data_base.br_ac","69901080","Praxedes","Travessa","Seis de Agosto","l10n_br_data_base.city_67"
cep_69900690,"l10n_br_data_base.br_ac","69900690","R","Rua","Terminal Cadeia Velha","l10n_br_data_base.city_67"
cep_69900700,"l10n_br_data_base.br_ac","69900700","S","Rua","Terminal Cadeia Velha","l10n_br_data_base.city_67"
cep_69900710,"l10n_br_data_base.br_ac","69900710","T","Rua","Terminal Cadeia Velha","l10n_br_data_base.city_67"
cep_69900720,"l10n_br_data_base.br_ac","69900720","V","Rua","Terminal Cadeia Velha","l10n_br_data_base.city_67"
cep_69901000,"l10n_br_data_base.br_ac","69901000","Seis de Agosto","Rua","Seis de Agosto","l10n_br_data_base.city_67"
cep_69901010,"l10n_br_data_base.br_ac","69901010","Pereira Passos","Rua","Seis de Agosto","l10n_br_data_base.city_67"
cep_69901020,"l10n_br_data_base.br_ac","69901020","Primeiro de Maio","Rua","Seis de Agosto","l10n_br_data_base.city_67"
cep_69901030,"l10n_br_data_base.br_ac","69901030","Trinta e Um de Março","Rua","Seis de Agosto","l10n_br_data_base.city_67"
cep_69901040,"l10n_br_data_base.br_ac","69901040","Edson Mendes","Rua","Seis de Agosto","l10n_br_data_base.city_67"
cep_69901050,"l10n_br_data_base.br_ac","69901050","Hidaldo de Lima","Rua","Seis de Agosto","l10n_br_data_base.city_67"
cep_69904100,"l10n_br_data_base.br_ac","69904100","São Jorge","Rua","João Eduardo","l10n_br_data_base.city_67"
cep_69901240,"l10n_br_data_base.br_ac","69901240","Adolfo Barbosa Leite","Rua","Quinze","l10n_br_data_base.city_67"
cep_69900550,"l10n_br_data_base.br_ac","69900550","D","Rua","Terminal Cadeia Velha","l10n_br_data_base.city_67"
cep_69902180,"l10n_br_data_base.br_ac","69902180","Baixa Verde","Rua","Taquari","l10n_br_data_base.city_67"
cep_69902190,"l10n_br_data_base.br_ac","69902190","Paz","Rua","Taquari","l10n_br_data_base.city_67"
cep_69902200,"l10n_br_data_base.br_ac","69902200","Passeio","Rua","Taquari","l10n_br_data_base.city_67"
cep_69902210,"l10n_br_data_base.br_ac","69902210","Baguary","Rua","Taquari","l10n_br_data_base.city_67"
cep_69902220,"l10n_br_data_base.br_ac","69902220","Baguary","Travessa","Taquari","l10n_br_data_base.city_67"
cep_69902230,"l10n_br_data_base.br_ac","69902230","Amizade","Rua","Taquari","l10n_br_data_base.city_67"
cep_69902240,"l10n_br_data_base.br_ac","69902240","Acre","Rua","Taquari","l10n_br_data_base.city_67"
cep_69904360,"l10n_br_data_base.br_ac","69904360","Fortaleza","Rua","Bahia","l10n_br_data_base.city_67"
cep_69902030,"l10n_br_data_base.br_ac","69902030","Padre José","Travessa","Triângulo","l10n_br_data_base.city_67"
cep_69901330,"l10n_br_data_base.br_ac","69901330","João de Oliveira Rola","Rua","Quinze","l10n_br_data_base.city_67"
cep_69902160,"l10n_br_data_base.br_ac","69902160","Lourival Ribeiro","Rua","Taquari","l10n_br_data_base.city_67"
cep_69901230,"l10n_br_data_base.br_ac","69901230","Augusto Monteiro","Boulevard","Quinze","l10n_br_data_base.city_67"
cep_69902150,"l10n_br_data_base.br_ac","69902150","Maria de Lourdes","Rua","Taquari","l10n_br_data_base.city_67"
cep_69901250,"l10n_br_data_base.br_ac","69901250","Nossa Senhora da Conceição","Rua","Quinze","l10n_br_data_base.city_67"
cep_69901255,"l10n_br_data_base.br_ac","69901255","Particular","Estrada","Quinze","l10n_br_data_base.city_67"
cep_69901260,"l10n_br_data_base.br_ac","69901260","Nossa Senhora das Graças","Rua","Quinze","l10n_br_data_base.city_67"
cep_69901270,"l10n_br_data_base.br_ac","69901270","Tiradentes","Rua","Quinze","l10n_br_data_base.city_67"
cep_69901275,"l10n_br_data_base.br_ac","69901275","Tiradentes","Travessa","Quinze","l10n_br_data_base.city_67"
cep_69901280,"l10n_br_data_base.br_ac","69901280","Caxias","Rua","Quinze","l10n_br_data_base.city_67"
cep_69901290,"l10n_br_data_base.br_ac","69901290","Onófrio Alves","Travessa","Quinze","l10n_br_data_base.city_67"
cep_69901300,"l10n_br_data_base.br_ac","69901300","Aziz","Travessa","Quinze","l10n_br_data_base.city_67"
cep_69901510,"l10n_br_data_base.br_ac","69901510","Nova Andira","Rua","Cadeia Nova","l10n_br_data_base.city_67"
cep_69901320,"l10n_br_data_base.br_ac","69901320","Quinari","Rua","Quinze","l10n_br_data_base.city_67"
cep_69901500,"l10n_br_data_base.br_ac","69901500","Palmeiral","Rua","Cadeia Nova","l10n_br_data_base.city_67"
cep_69901220,"l10n_br_data_base.br_ac","69901220","Quarenta","Rua","Quinze","l10n_br_data_base.city_67"
cep_69901530,"l10n_br_data_base.br_ac","69901530","Uirapuru","Rua","Cadeia Nova","l10n_br_data_base.city_67"
cep_69900580,"l10n_br_data_base.br_ac","69900580","G","Rua","Terminal Cadeia Velha","l10n_br_data_base.city_67"
cep_69900590,"l10n_br_data_base.br_ac","69900590","H","Rua","Terminal Cadeia Velha","l10n_br_data_base.city_67"
cep_69900600,"l10n_br_data_base.br_ac","69900600","I","Rua","Terminal Cadeia Velha","l10n_br_data_base.city_67"
cep_69900610,"l10n_br_data_base.br_ac","69900610","J","Rua","Terminal Cadeia Velha","l10n_br_data_base.city_67"
cep_69900620,"l10n_br_data_base.br_ac","69900620","K","Rua","Terminal Cadeia Velha","l10n_br_data_base.city_67"
cep_69900630,"l10n_br_data_base.br_ac","69900630","L","Rua","Terminal Cadeia Velha","l10n_br_data_base.city_67"
cep_69900640,"l10n_br_data_base.br_ac","69900640","M","Rua","Terminal Cadeia Velha","l10n_br_data_base.city_67"
cep_69900650,"l10n_br_data_base.br_ac","69900650","N","Rua","Terminal Cadeia Velha","l10n_br_data_base.city_67"
cep_69900660,"l10n_br_data_base.br_ac","69900660","Getúlio Vargas","Avenida","Centro","l10n_br_data_base.city_67"
cep_69901210,"l10n_br_data_base.br_ac","69901210","Júlio Camilo de Oliveira","Rua","Quinze","l10n_br_data_base.city_67"
cep_69900540,"l10n_br_data_base.br_ac","69900540","C","Rua","Terminal Cadeia Velha","l10n_br_data_base.city_67"
cep_69902170,"l10n_br_data_base.br_ac","69902170","Nossa Senhora de Fátima","Rua","Taquari","l10n_br_data_base.city_67"
cep_69901520,"l10n_br_data_base.br_ac","69901520","Revolta","Rua","Cadeia Nova","l10n_br_data_base.city_67"
cep_69903800,"l10n_br_data_base.br_ac","69903800","Tucuruí","Rua","Palheiral","l10n_br_data_base.city_67"
cep_69901540,"l10n_br_data_base.br_ac","69901540","Diamantina","Rua","Cadeia Nova","l10n_br_data_base.city_67"
cep_69901550,"l10n_br_data_base.br_ac","69901550","Salgueiro","Rua","Cadeia Nova","l10n_br_data_base.city_67"
cep_69901560,"l10n_br_data_base.br_ac","69901560","Bodocó","Rua","Cadeia Nova","l10n_br_data_base.city_67"
cep_69901570,"l10n_br_data_base.br_ac","69901570","Ilson Ribeiro","Rua","Cadeia Nova","l10n_br_data_base.city_67"
cep_69901580,"l10n_br_data_base.br_ac","69901580","Coelho Ramos","Rua","Cadeia Nova","l10n_br_data_base.city_67"
cep_69901590,"l10n_br_data_base.br_ac","69901590","Lua Nova","Rua","Cadeia Nova","l10n_br_data_base.city_67"
cep_69902010,"l10n_br_data_base.br_ac","69902010","Vasconcelos","Travessa","Triângulo","l10n_br_data_base.city_67"
cep_69902020,"l10n_br_data_base.br_ac","69902020","Padre José","Rua","Triângulo","l10n_br_data_base.city_67"
cep_69901190,"l10n_br_data_base.br_ac","69901190","Comara","Beco","Seis de Agosto","l10n_br_data_base.city_67"
cep_69902040,"l10n_br_data_base.br_ac","69902040","Maria de Lourdes","Rua","Triângulo","l10n_br_data_base.city_67"
cep_69901490,"l10n_br_data_base.br_ac","69901490","Baixa Verde","Rua","Cadeia Nova","l10n_br_data_base.city_67"
cep_69902050,"l10n_br_data_base.br_ac","69902050","José Cunha","Travessa","Triângulo","l10n_br_data_base.city_67"
cep_69903680,"l10n_br_data_base.br_ac","69903680","Havaí","Travessa","Sobral","l10n_br_data_base.city_67"
cep_69904125,"l10n_br_data_base.br_ac","69904125","Santa Madalena","Travessa","João Eduardo","l10n_br_data_base.city_67"
cep_69903550,"l10n_br_data_base.br_ac","69903550","D","Rua","Aeroporto Velho","l10n_br_data_base.city_67"
cep_69903460,"l10n_br_data_base.br_ac","69903460","Pista","Travessa","Aeroporto Velho","l10n_br_data_base.city_67"
cep_69903570,"l10n_br_data_base.br_ac","69903570","F","Rua","Aeroporto Velho","l10n_br_data_base.city_67"
cep_69903450,"l10n_br_data_base.br_ac","69903450","São Cristóvão","Travessa","Aeroporto Velho","l10n_br_data_base.city_67"
cep_69903590,"l10n_br_data_base.br_ac","69903590","L","Rua","Aeroporto Velho","l10n_br_data_base.city_67"
cep_69903610,"l10n_br_data_base.br_ac","69903610","São Salvador","Rua","Sobral","l10n_br_data_base.city_67"
cep_69903620,"l10n_br_data_base.br_ac","69903620","Ramos Ferreira","Travessa","Sobral","l10n_br_data_base.city_67"
cep_69903630,"l10n_br_data_base.br_ac","69903630","São Pedro","Travessa","Sobral","l10n_br_data_base.city_67"
cep_69903640,"l10n_br_data_base.br_ac","69903640","Quatro de Outubro","Travessa","Sobral","l10n_br_data_base.city_67"
cep_69903650,"l10n_br_data_base.br_ac","69903650","Rádio Farol","Travessa","Sobral","l10n_br_data_base.city_67"
cep_69903540,"l10n_br_data_base.br_ac","69903540","C","Rua","Aeroporto Velho","l10n_br_data_base.city_67"
cep_69903670,"l10n_br_data_base.br_ac","69903670","Ceará","Travessa","Sobral","l10n_br_data_base.city_67"
cep_69903530,"l10n_br_data_base.br_ac","69903530","I","Rua","Aeroporto Velho","l10n_br_data_base.city_67"
cep_69903690,"l10n_br_data_base.br_ac","69903690","São Lucas","Rua","Sobral","l10n_br_data_base.city_67"
cep_69903695,"l10n_br_data_base.br_ac","69903695","20 de Novembro","Rua","Sobral","l10n_br_data_base.city_67"
cep_69903560,"l10n_br_data_base.br_ac","69903560","Ari Rodrigues","Rua","Aeroporto Velho","l10n_br_data_base.city_67"
cep_69903100,"l10n_br_data_base.br_ac","69903100","Nabor Júnior","Rua","Plácido de Castro","l10n_br_data_base.city_67"
cep_69902450,"l10n_br_data_base.br_ac","69902450","AC-040","Rodovia","Vila Acre","l10n_br_data_base.city_67"
cep_69902451,"l10n_br_data_base.br_ac","69902451","Bom Jesus","Travessa","Vila Acre","l10n_br_data_base.city_67"
cep_69902452,"l10n_br_data_base.br_ac","69902452","Mariano","Rua","Vila Acre","l10n_br_data_base.city_67"
cep_69903010,"l10n_br_data_base.br_ac","69903010","Adalcides Gallo","Rua","Plácido de Castro","l10n_br_data_base.city_67"
cep_69903020,"l10n_br_data_base.br_ac","69903020","Iolanda Lima","Rua","Plácido de Castro","l10n_br_data_base.city_67"
cep_69903030,"l10n_br_data_base.br_ac","69903030","Mangueiras","Travessa","Plácido de Castro","l10n_br_data_base.city_67"
cep_69903040,"l10n_br_data_base.br_ac","69903040","Portela","Travessa","Plácido de Castro","l10n_br_data_base.city_67"
cep_69903660,"l10n_br_data_base.br_ac","69903660","Rádio Farol","Rua","Sobral","l10n_br_data_base.city_67"
cep_69900902,"l10n_br_data_base.br_ac","69900902","Avenida Brasil, 378","","Centro","l10n_br_data_base.city_67"
cep_69950000,"l10n_br_data_base.br_ac","69950000","","","","l10n_br_data_base.city_63"
cep_69990000,"l10n_br_data_base.br_ac","69990000","","","","l10n_br_data_base.city_62"
cep_69975000,"l10n_br_data_base.br_ac","69975000","","","","l10n_br_data_base.city_61"
cep_69960000,"l10n_br_data_base.br_ac","69960000","","","","l10n_br_data_base.city_60"
cep_69934000,"l10n_br_data_base.br_ac","69934000","","","","l10n_br_data_base.city_59"
cep_69980000,"l10n_br_data_base.br_ac","69980000","","","","l10n_br_data_base.city_58"
cep_69922000,"l10n_br_data_base.br_ac","69922000","","","","l10n_br_data_base.city_57"
cep_69923000,"l10n_br_data_base.br_ac","69923000","","","","l10n_br_data_base.city_56"
cep_69983000,"l10n_br_data_base.br_ac","69983000","","","","l10n_br_data_base.city_64"
cep_69928000,"l10n_br_data_base.br_ac","69928000","","","","l10n_br_data_base.city_65"
cep_69982000,"l10n_br_data_base.br_ac","69982000","","","","l10n_br_data_base.city_66"
cep_69903545,"l10n_br_data_base.br_ac","69903545","C","Rua","Bahia Nova","l10n_br_data_base.city_67"
cep_69908900,"l10n_br_data_base.br_ac","69908900","Rua Arlindo Leal, s/n","","Centro","l10n_br_data_base.city_67"
cep_69903070,"l10n_br_data_base.br_ac","69903070","Ipiranga","Travessa","Plácido de Castro","l10n_br_data_base.city_67"
cep_69900900,"l10n_br_data_base.br_ac","69900900","Avenida Getúlio Vargas, s/n","","Centro","l10n_br_data_base.city_67"
cep_69911900,"l10n_br_data_base.br_ac","69911900","Alameda Hungria, 200","","Jardim Europa","l10n_br_data_base.city_67"
cep_69900901,"l10n_br_data_base.br_ac","69900901","Rua Rui Barbosa, 285","","Centro","l10n_br_data_base.city_67"
cep_69900140,"l10n_br_data_base.br_ac","69900140","Fausto Robalo","Travessa","Centro","l10n_br_data_base.city_67"
cep_69903580,"l10n_br_data_base.br_ac","69903580","G","Rua","Aeroporto Velho","l10n_br_data_base.city_67"
cep_69900370,"l10n_br_data_base.br_ac","69900370","Sergipe","Rua","Cerâmica","l10n_br_data_base.city_67"
cep_69903480,"l10n_br_data_base.br_ac","69903480","Terminal","Rua","Aeroporto Velho","l10n_br_data_base.city_67"
cep_69903490,"l10n_br_data_base.br_ac","69903490","Antônio Boto","Rua","Aeroporto Velho","l10n_br_data_base.city_67"
cep_69903500,"l10n_br_data_base.br_ac","69903500","Santos Dumont","Rua","Aeroporto Velho","l10n_br_data_base.city_67"
cep_69903510,"l10n_br_data_base.br_ac","69903510","Xapuri","Rua","Aeroporto Velho","l10n_br_data_base.city_67"
cep_69903520,"l10n_br_data_base.br_ac","69903520","Acre","Travessa","Aeroporto Velho","l10n_br_data_base.city_67"
cep_69915900,"l10n_br_data_base.br_ac","69915900","Rodovia BR-364, s/n","","Distrito Industrial","l10n_br_data_base.city_67"
cep_69904230,"l10n_br_data_base.br_ac","69904230","Vera Cruz","Travessa","Bahia","l10n_br_data_base.city_67"
cep_69904235,"l10n_br_data_base.br_ac","69904235","Mauá","Rua","João Eduardo","l10n_br_data_base.city_67"
cep_69904110,"l10n_br_data_base.br_ac","69904110","São Nicolau","Rua","João Eduardo","l10n_br_data_base.city_67"
cep_69904250,"l10n_br_data_base.br_ac","69904250","Blumenau","Travessa","Bahia","l10n_br_data_base.city_67"
cep_69904260,"l10n_br_data_base.br_ac","69904260","F","Rua","Bahia","l10n_br_data_base.city_67"
cep_69904270,"l10n_br_data_base.br_ac","69904270","Eldorado","Rua","Bahia","l10n_br_data_base.city_67"
cep_69904275,"l10n_br_data_base.br_ac","69904275","Novo Horizonte","Rua","Aviário","l10n_br_data_base.city_67"
cep_69904280,"l10n_br_data_base.br_ac","69904280","São Francisco","Rua","Bahia","l10n_br_data_base.city_67"
cep_69904290,"l10n_br_data_base.br_ac","69904290","E","Rua","Bahia","l10n_br_data_base.city_67"
cep_69904300,"l10n_br_data_base.br_ac","69904300","Men de Sá","Rua","Bahia","l10n_br_data_base.city_67"
cep_69904310,"l10n_br_data_base.br_ac","69904310","C","Rua","Bahia","l10n_br_data_base.city_67"
cep_69904320,"l10n_br_data_base.br_ac","69904320","Estácio de Sá","Rua","Bahia","l10n_br_data_base.city_67"
cep_69903050,"l10n_br_data_base.br_ac","69903050","Beija-Flor","Travessa","Plácido de Castro","l10n_br_data_base.city_67"
cep_69904340,"l10n_br_data_base.br_ac","69904340","Tancredo Neves","Travessa","Bahia","l10n_br_data_base.city_67"
cep_69904210,"l10n_br_data_base.br_ac","69904210","Alencar","Travessa","Bahia","l10n_br_data_base.city_67"
cep_69904010,"l10n_br_data_base.br_ac","69904010","Apucarana","Travessa","João Eduardo","l10n_br_data_base.city_67"
cep_69902250,"l10n_br_data_base.br_ac","69902250","Beira-Rio","Rua","Taquari","l10n_br_data_base.city_67"
cep_69903720,"l10n_br_data_base.br_ac","69903720","São João","Rua","Palheiral","l10n_br_data_base.city_67"
cep_69903730,"l10n_br_data_base.br_ac","69903730","Cacoal","Travessa","Palheiral","l10n_br_data_base.city_67"
cep_69903740,"l10n_br_data_base.br_ac","69903740","Vilhena","Travessa","Palheiral","l10n_br_data_base.city_67"
cep_69903750,"l10n_br_data_base.br_ac","69903750","Alvoredo","Travessa","Palheiral","l10n_br_data_base.city_67"
cep_69903760,"l10n_br_data_base.br_ac","69903760","Dezesseis","Travessa","Palheiral","l10n_br_data_base.city_67"
cep_69903770,"l10n_br_data_base.br_ac","69903770","Quinze","Travessa","Palheiral","l10n_br_data_base.city_67"
cep_69903780,"l10n_br_data_base.br_ac","69903780","C","Travessa","Palheiral","l10n_br_data_base.city_67"
cep_69903790,"l10n_br_data_base.br_ac","69903790","Dezoito","Travessa","Palheiral","l10n_br_data_base.city_67"
cep_69901350,"l10n_br_data_base.br_ac","69901350","Flávio Batista","Rua","Quinze","l10n_br_data_base.city_67"
cep_69904330,"l10n_br_data_base.br_ac","69904330","B","Rua","Bahia","l10n_br_data_base.city_67"
cep_69903430,"l10n_br_data_base.br_ac","69903430","Cruzeiro do Sul","Travessa","Aeroporto Velho","l10n_br_data_base.city_67"
cep_69903810,"l10n_br_data_base.br_ac","69903810","Itaipú","Rua","Palheiral","l10n_br_data_base.city_67"
cep_69903470,"l10n_br_data_base.br_ac","69903470","Plácido de Castro","Rua","Aeroporto Velho","l10n_br_data_base.city_67"
cep_69903090,"l10n_br_data_base.br_ac","69903090","Gualter Craveiro","Rua","Plácido de Castro","l10n_br_data_base.city_67"
cep_69903710,"l10n_br_data_base.br_ac","69903710","São José","Rua","Palheiral","l10n_br_data_base.city_67"
cep_69903110,"l10n_br_data_base.br_ac","69903110","Operários","Rua","Plácido de Castro","l10n_br_data_base.city_67"
cep_69903120,"l10n_br_data_base.br_ac","69903120","João Gomes","Rua","Plácido de Castro","l10n_br_data_base.city_67"
cep_69903130,"l10n_br_data_base.br_ac","69903130","Hermínio de Melo","Rua","Plácido de Castro","l10n_br_data_base.city_67"
cep_69903140,"l10n_br_data_base.br_ac","69903140","Teotônio Vilella","Rua","Plácido de Castro","l10n_br_data_base.city_67"
cep_69903150,"l10n_br_data_base.br_ac","69903150","Dom Giocondo","Rua","Plácido de Castro","l10n_br_data_base.city_67"
cep_69903160,"l10n_br_data_base.br_ac","69903160","Plácido de Castro","Travessa","Plácido de Castro","l10n_br_data_base.city_67"
cep_69903170,"l10n_br_data_base.br_ac","69903170","Campo Novo","Rua","Plácido de Castro","l10n_br_data_base.city_67"
cep_69903700,"l10n_br_data_base.br_ac","69903700","Sobral","Rua","Sobral","l10n_br_data_base.city_67"
cep_69903420,"l10n_br_data_base.br_ac","69903420","Rio Grande do Sul","Rua","Aeroporto Velho","l10n_br_data_base.city_67"
cep_69904220,"l10n_br_data_base.br_ac","69904220","Santa Cruz","Travessa","Bahia","l10n_br_data_base.city_67"
cep_69903440,"l10n_br_data_base.br_ac","69903440","Solidão","Beco","Aeroporto Velho","l10n_br_data_base.city_67"
cep_69903080,"l10n_br_data_base.br_ac","69903080","Aluízio Bezerra","Rua","Plácido de Castro","l10n_br_data_base.city_67"
cep_69904240,"l10n_br_data_base.br_ac","69904240","São Salvador","Travessa","Bahia","l10n_br_data_base.city_67"
cep_69904130,"l10n_br_data_base.br_ac","69904130","Álvaro César","Travessa","João Eduardo","l10n_br_data_base.city_67"
cep_69904135,"l10n_br_data_base.br_ac","69904135","Flaviano","Travessa","João Eduardo","l10n_br_data_base.city_67"
cep_69904140,"l10n_br_data_base.br_ac","69904140","São Edimar","Travessa","João Eduardo","l10n_br_data_base.city_67"
cep_69904145,"l10n_br_data_base.br_ac","69904145","Santa Terezinha","Rua","João Eduardo","l10n_br_data_base.city_67"
cep_69904150,"l10n_br_data_base.br_ac","69904150","Carlos Santos","Travessa","João Eduardo","l10n_br_data_base.city_67"
cep_69904160,"l10n_br_data_base.br_ac","69904160","Maria Amélia","Travessa","João Eduardo","l10n_br_data_base.city_67"
cep_69904170,"l10n_br_data_base.br_ac","69904170","Quinze","Rua","João Eduardo","l10n_br_data_base.city_67"
cep_69904200,"l10n_br_data_base.br_ac","69904200","Itamarati","Travessa","Bahia","l10n_br_data_base.city_67"
cep_69903060,"l10n_br_data_base.br_ac","69903060","Onze de Junho","Travessa","Plácido de Castro","l10n_br_data_base.city_67"
cep_69903180,"l10n_br_data_base.br_ac","69903180","Adalberto Sena","Rua","Plácido de Castro","l10n_br_data_base.city_67"
cep_69904420,"l10n_br_data_base.br_ac","69904420","Seis","Rua","Bahia Nova","l10n_br_data_base.city_67"
cep_69908210,"l10n_br_data_base.br_ac","69908210","Isaura Parente","Rua","Bosque","l10n_br_data_base.city_67"
cep_69905800,"l10n_br_data_base.br_ac","69905800","Calafate","Estrada","Esperança","l10n_br_data_base.city_67"
cep_69905801,"l10n_br_data_base.br_ac","69905801","do Calafate","Estrada","Calafate","l10n_br_data_base.city_67"
cep_69905810,"l10n_br_data_base.br_ac","69905810","Luiz Pereira","Travessa","Calafate","l10n_br_data_base.city_67"
cep_69907180,"l10n_br_data_base.br_ac","69907180","Leblon","Rua","Abrahão Alab","l10n_br_data_base.city_67"
cep_69904660,"l10n_br_data_base.br_ac","69904660","Rui Lino","Rua","João Eduardo","l10n_br_data_base.city_67"
cep_69904490,"l10n_br_data_base.br_ac","69904490","Treze","Rua","Bahia Nova","l10n_br_data_base.city_67"
cep_69900365,"l10n_br_data_base.br_ac","69900365","Amazônia","Rua","Cerâmica","l10n_br_data_base.city_67"
cep_69904370,"l10n_br_data_base.br_ac","69904370","Um","Rua","Bahia Nova","l10n_br_data_base.city_67"
cep_69904380,"l10n_br_data_base.br_ac","69904380","Dois","Rua","Bahia Nova","l10n_br_data_base.city_67"
cep_69904390,"l10n_br_data_base.br_ac","69904390","Três","Rua","Bahia Nova","l10n_br_data_base.city_67"
cep_69905550,"l10n_br_data_base.br_ac","69905550","Nova Esperança","Conjunto","Esperança","l10n_br_data_base.city_67"
cep_69904410,"l10n_br_data_base.br_ac","69904410","Cinco","Rua","Bahia Nova","l10n_br_data_base.city_67"
cep_69905400,"l10n_br_data_base.br_ac","69905400","Esperança II","Conjunto","Esperança","l10n_br_data_base.city_67"
cep_69904430,"l10n_br_data_base.br_ac","69904430","Sete","Rua","Bahia Nova","l10n_br_data_base.city_67"
cep_69904440,"l10n_br_data_base.br_ac","69904440","Oito","Rua","Bahia Nova","l10n_br_data_base.city_67"
cep_69904450,"l10n_br_data_base.br_ac","69904450","Nove","Rua","Bahia Nova","l10n_br_data_base.city_67"
cep_69904460,"l10n_br_data_base.br_ac","69904460","Dez","Rua","Bahia Nova","l10n_br_data_base.city_67"
cep_69904610,"l10n_br_data_base.br_ac","69904610","Santa Maria","Rua","João Eduardo","l10n_br_data_base.city_67"
cep_69904480,"l10n_br_data_base.br_ac","69904480","Doze","Rua","Bahia Nova","l10n_br_data_base.city_67"
cep_69904605,"l10n_br_data_base.br_ac","69904605","Santo Antônio","Rua","João Eduardo","l10n_br_data_base.city_67"
cep_69904500,"l10n_br_data_base.br_ac","69904500","Quatorze","Rua","Bahia Nova","l10n_br_data_base.city_67"
cep_69904510,"l10n_br_data_base.br_ac","69904510","Quinze","Rua","Bahia Nova","l10n_br_data_base.city_67"
cep_69904520,"l10n_br_data_base.br_ac","69904520","Dezesseis","Rua","Bahia Nova","l10n_br_data_base.city_67"
cep_69904530,"l10n_br_data_base.br_ac","69904530","Dezessete","Rua","Bahia Nova","l10n_br_data_base.city_67"
cep_69904400,"l10n_br_data_base.br_ac","69904400","Quatro","Rua","Bahia Nova","l10n_br_data_base.city_67"
cep_69904640,"l10n_br_data_base.br_ac","69904640","Dom Bosco","Rua","João Eduardo","l10n_br_data_base.city_67"
cep_69901340,"l10n_br_data_base.br_ac","69901340","Guilhermino Bastos","Rua","Quinze","l10n_br_data_base.city_67"
cep_69908230,"l10n_br_data_base.br_ac","69908230","Manoel Barata","Rua","Bosque","l10n_br_data_base.city_67"
cep_69908240,"l10n_br_data_base.br_ac","69908240","Maranhão","Rua","Bosque","l10n_br_data_base.city_67"
cep_69908250,"l10n_br_data_base.br_ac","69908250","Hugo Carneiro","Rua","Bosque","l10n_br_data_base.city_67"
cep_69908260,"l10n_br_data_base.br_ac","69908260","Francisco Furtado","Travessa","Bosque","l10n_br_data_base.city_67"
cep_69907150,"l10n_br_data_base.br_ac","69907150","Veterano Manoel Barros","Rua","Abrahão Alab","l10n_br_data_base.city_67"
cep_69908140,"l10n_br_data_base.br_ac","69908140","Manoel Rodrigues de Sousa","Rua","Bosque","l10n_br_data_base.city_67"
cep_69904670,"l10n_br_data_base.br_ac","69904670","B","Rua","João Eduardo","l10n_br_data_base.city_67"
cep_69904615,"l10n_br_data_base.br_ac","69904615","Antônio José Nogueira","Rua","João Eduardo","l10n_br_data_base.city_67"
cep_69904620,"l10n_br_data_base.br_ac","69904620","C","Rua","João Eduardo","l10n_br_data_base.city_67"
cep_69904625,"l10n_br_data_base.br_ac","69904625","São Raimundo","Rua","João Eduardo","l10n_br_data_base.city_67"
cep_69905700,"l10n_br_data_base.br_ac","69905700","LBA","Conjunto","Esperança","l10n_br_data_base.city_67"
cep_69904635,"l10n_br_data_base.br_ac","69904635","Santa Luzia","Rua","João Eduardo","l10n_br_data_base.city_67"
cep_69904560,"l10n_br_data_base.br_ac","69904560","Vinte e Um","Rua","Bahia Nova","l10n_br_data_base.city_67"
cep_69904645,"l10n_br_data_base.br_ac","69904645","da Paz","Rua","João Eduardo","l10n_br_data_base.city_67"
cep_69904650,"l10n_br_data_base.br_ac","69904650","Iaco","Travessa","João Eduardo","l10n_br_data_base.city_67"
cep_69904653,"l10n_br_data_base.br_ac","69904653","Jerusalém","Travessa","João Eduardo","l10n_br_data_base.city_67"
cep_69904655,"l10n_br_data_base.br_ac","69904655","Rui Lino","Travessa","João Eduardo","l10n_br_data_base.city_67"
cep_69905830,"l10n_br_data_base.br_ac","69905830","São Luís","Rua","Calafate","l10n_br_data_base.city_67"
cep_69904665,"l10n_br_data_base.br_ac","69904665","A","Rua","João Eduardo","l10n_br_data_base.city_67"
cep_69904600,"l10n_br_data_base.br_ac","69904600","Vinte e Cinco","Rua","Bahia Nova","l10n_br_data_base.city_67"
cep_69905000,"l10n_br_data_base.br_ac","69905000","Frei Caneca","Rua","Esperança","l10n_br_data_base.city_67"
cep_69905100,"l10n_br_data_base.br_ac","69905100","Oriente","Rua","Esperança","l10n_br_data_base.city_67"
cep_69905200,"l10n_br_data_base.br_ac","69905200","Guanabara","Rua","Esperança","l10n_br_data_base.city_67"
cep_69905250,"l10n_br_data_base.br_ac","69905250","Esperança","Conjunto","Esperança","l10n_br_data_base.city_67"
cep_69904630,"l10n_br_data_base.br_ac","69904630","São Sebastião","Rua","João Eduardo","l10n_br_data_base.city_67"
cep_69906190,"l10n_br_data_base.br_ac","69906190","Leme","Rua","Mascarenhas de Moraes","l10n_br_data_base.city_67"
cep_69907120,"l10n_br_data_base.br_ac","69907120","Veterano Henrique Julião","Rua","Abrahão Alab","l10n_br_data_base.city_67"
cep_69907130,"l10n_br_data_base.br_ac","69907130","Veterano Telmo Julião","Rua","Abrahão Alab","l10n_br_data_base.city_67"
cep_69907140,"l10n_br_data_base.br_ac","69907140","Veterano Manoel Avelino","Rua","Abrahão Alab","l10n_br_data_base.city_67"
cep_69906435,"l10n_br_data_base.br_ac","69906435","Belo Horizonte","Rua","Ivete Vargas","l10n_br_data_base.city_67"
cep_69906221,"l10n_br_data_base.br_ac","69906221","Novo Horizonte","Conjunto","Floresta","l10n_br_data_base.city_67"
cep_69906090,"l10n_br_data_base.br_ac","69906090","Centauro","Travessa","Ivete Vargas","l10n_br_data_base.city_67"
cep_69906100,"l10n_br_data_base.br_ac","69906100","Boa Vista","Rua","Ivete Vargas","l10n_br_data_base.city_67"
cep_69906110,"l10n_br_data_base.br_ac","69906110","Fé de Deus","Rua","Ivete Vargas","l10n_br_data_base.city_67"
cep_69906130,"l10n_br_data_base.br_ac","69906130","Princesa Isabel","Rua","Ivete Vargas","l10n_br_data_base.city_67"
cep_69906140,"l10n_br_data_base.br_ac","69906140","Piauí","Rua","Papouco","l10n_br_data_base.city_67"
cep_69906150,"l10n_br_data_base.br_ac","69906150","Marechal Rondon","Rua","Papouco","l10n_br_data_base.city_67"
cep_69904540,"l10n_br_data_base.br_ac","69904540","Dezoito","Rua","Bahia Nova","l10n_br_data_base.city_67"
cep_69906180,"l10n_br_data_base.br_ac","69906180","Granada","Rua","Mascarenhas de Moraes","l10n_br_data_base.city_67"
cep_69907060,"l10n_br_data_base.br_ac","69907060","Carmópolis","Rua","Abrahão Alab","l10n_br_data_base.city_67"
cep_69906200,"l10n_br_data_base.br_ac","69906200","Catumbi","Rua","Mascarenhas de Moraes","l10n_br_data_base.city_67"
cep_69906210,"l10n_br_data_base.br_ac","69906210","B","Rua","Floresta","l10n_br_data_base.city_67"
cep_69906350,"l10n_br_data_base.br_ac","69906350","A","Rua","Floresta","l10n_br_data_base.city_67"
cep_69906220,"l10n_br_data_base.br_ac","69906220","C","Rua","Floresta","l10n_br_data_base.city_67"
cep_69906340,"l10n_br_data_base.br_ac","69906340","Luiz Galvez","Rua","Floresta","l10n_br_data_base.city_67"
cep_69906230,"l10n_br_data_base.br_ac","69906230","D","Rua","Floresta","l10n_br_data_base.city_67"
cep_69906231,"l10n_br_data_base.br_ac","69906231","Betel","Vila","Floresta","l10n_br_data_base.city_67"
cep_69906240,"l10n_br_data_base.br_ac","69906240","E","Rua","Floresta","l10n_br_data_base.city_67"
cep_69906250,"l10n_br_data_base.br_ac","69906250","F","Rua","Floresta","l10n_br_data_base.city_67"
cep_69906260,"l10n_br_data_base.br_ac","69906260","H","Rua","Floresta","l10n_br_data_base.city_67"
cep_69901140,"l10n_br_data_base.br_ac","69901140","São Domingos","Beco","Seis de Agosto","l10n_br_data_base.city_67"
cep_69906170,"l10n_br_data_base.br_ac","69906170","Tijuca","Rua","Mascarenhas de Moraes","l10n_br_data_base.city_67"
cep_69906415,"l10n_br_data_base.br_ac","69906415","Machado de Assis","Rua","Bela Vista","l10n_br_data_base.city_67"
cep_69908200,"l10n_br_data_base.br_ac","69908200","Neutel Maia","Beco","Bosque","l10n_br_data_base.city_67"
cep_69904570,"l10n_br_data_base.br_ac","69904570","Vinte e Dois","Rua","Bahia Nova","l10n_br_data_base.city_67"
cep_69904580,"l10n_br_data_base.br_ac","69904580","Vinte e Três","Rua","Bahia Nova","l10n_br_data_base.city_67"
cep_69904590,"l10n_br_data_base.br_ac","69904590","Vinte e Quatro","Rua","Bahia Nova","l10n_br_data_base.city_67"
cep_69906000,"l10n_br_data_base.br_ac","69906000","Minas Gerais","Rua","Ivete Vargas","l10n_br_data_base.city_67"
cep_69904470,"l10n_br_data_base.br_ac","69904470","Onze","Rua","Bahia Nova","l10n_br_data_base.city_67"
cep_69906445,"l10n_br_data_base.br_ac","69906445","Goiás","Rua","Ivete Vargas","l10n_br_data_base.city_67"
cep_69906360,"l10n_br_data_base.br_ac","69906360","General Vieira de Melo","Alameda","Floresta","l10n_br_data_base.city_67"
cep_69906370,"l10n_br_data_base.br_ac","69906370","Bela Vista","Conjunto","Floresta","l10n_br_data_base.city_67"
cep_69906380,"l10n_br_data_base.br_ac","69906380","Rio de Janeiro","Rua","Floresta","l10n_br_data_base.city_67"
cep_69906390,"l10n_br_data_base.br_ac","69906390","Castelo Branco","Conjunto","Floresta","l10n_br_data_base.city_67"
cep_69907110,"l10n_br_data_base.br_ac","69907110","Veterano Hernesto Sales","Rua","Abrahão Alab","l10n_br_data_base.city_67"
cep_69906410,"l10n_br_data_base.br_ac","69906410","Mascarenhas de Morais","Conjunto","Floresta","l10n_br_data_base.city_67"
cep_69907100,"l10n_br_data_base.br_ac","69907100","Mozart","Rua","Abrahão Alab","l10n_br_data_base.city_67"
cep_69906420,"l10n_br_data_base.br_ac","69906420","Itamaracá","Rua","Bela Vista","l10n_br_data_base.city_67"
cep_69906425,"l10n_br_data_base.br_ac","69906425","Carneiro Leão","Rua","Bela Vista","l10n_br_data_base.city_67"
cep_69906430,"l10n_br_data_base.br_ac","69906430","Rio Grande do Sul","Rua","Base","l10n_br_data_base.city_67"
cep_69905820,"l10n_br_data_base.br_ac","69905820","Arueira","Rua","Calafate","l10n_br_data_base.city_67"
cep_69906440,"l10n_br_data_base.br_ac","69906440","Leblon","Rua","Ivete Vargas","l10n_br_data_base.city_67"
cep_69906320,"l10n_br_data_base.br_ac","69906320","J","Rua","Floresta","l10n_br_data_base.city_67"
cep_69906450,"l10n_br_data_base.br_ac","69906450","Cruzeiro do Sul","Travessa","Novo Horizonte","l10n_br_data_base.city_67"
cep_69906455,"l10n_br_data_base.br_ac","69906455","da Solidão","Beco","Novo Horizonte","l10n_br_data_base.city_67"
cep_69906460,"l10n_br_data_base.br_ac","69906460","São Cristóvão","Travessa","Novo Horizonte","l10n_br_data_base.city_67"
cep_69907000,"l10n_br_data_base.br_ac","69907000","Ceará","Avenida","Abrahão Alab","l10n_br_data_base.city_67"
cep_69907010,"l10n_br_data_base.br_ac","69907010","Ladislau Ferreira","Rua","Abrahão Alab","l10n_br_data_base.city_67"
cep_69904550,"l10n_br_data_base.br_ac","69904550","Vinte","Rua","Bahia Nova","l10n_br_data_base.city_67"
cep_69906400,"l10n_br_data_base.br_ac","69906400","Omar Sabino","Rua","Floresta","l10n_br_data_base.city_67"
cep_69907210,"l10n_br_data_base.br_ac","69907210","Epitácio Pessoa","Rua","Izaura Parente","l10n_br_data_base.city_67"
cep_69908220,"l10n_br_data_base.br_ac","69908220","Antunes de Alencar","Rua","Bosque","l10n_br_data_base.city_67"
cep_69907615,"l10n_br_data_base.br_ac","69907615","Marivan de Oliveira","Rua","Nova Estação","l10n_br_data_base.city_67"
cep_69907620,"l10n_br_data_base.br_ac","69907620","Rui Lino","Rua","Nova Estação","l10n_br_data_base.city_67"
cep_69907625,"l10n_br_data_base.br_ac","69907625","da Paz","Rua","Nova Estação","l10n_br_data_base.city_67"
cep_69907630,"l10n_br_data_base.br_ac","69907630","São Luiz","Rua","Nova Estação","l10n_br_data_base.city_67"
cep_69907635,"l10n_br_data_base.br_ac","69907635","Belém","Rua","Nova Estação","l10n_br_data_base.city_67"
cep_69907640,"l10n_br_data_base.br_ac","69907640","Ouro Verde","Rua","Nova Estação","l10n_br_data_base.city_67"
cep_69907170,"l10n_br_data_base.br_ac","69907170","Rubens Carneiro","Rua","Abrahão Alab","l10n_br_data_base.city_67"
cep_69907560,"l10n_br_data_base.br_ac","69907560","Padre André","Travessa","Bosque","l10n_br_data_base.city_67"
cep_69907301,"l10n_br_data_base.br_ac","69907301","São Francisco","Conjunto","São Francisco","l10n_br_data_base.city_67"
cep_69904350,"l10n_br_data_base.br_ac","69904350","Primavera","Travessa","Bahia","l10n_br_data_base.city_67"
cep_69907605,"l10n_br_data_base.br_ac","69907605","Nossa Senhora de Fátima","Rua","Estação Experimental","l10n_br_data_base.city_67"
cep_69907200,"l10n_br_data_base.br_ac","69907200","Pio XII","Rua","Abrahão Alab","l10n_br_data_base.city_67"
cep_69907600,"l10n_br_data_base.br_ac","69907600","Nações Unidas","Avenida","Izaura Parente","l10n_br_data_base.city_67"
cep_69907220,"l10n_br_data_base.br_ac","69907220","Almirante Barbosa","Rua","Izaura Parente","l10n_br_data_base.city_67"
cep_69907230,"l10n_br_data_base.br_ac","69907230","Santa Helena","Rua","Izaura Parente","l10n_br_data_base.city_67"
cep_69907240,"l10n_br_data_base.br_ac","69907240","Canindé","Rua","Izaura Parente","l10n_br_data_base.city_67"
cep_69907250,"l10n_br_data_base.br_ac","69907250","Tamandaré","Rua","Izaura Parente","l10n_br_data_base.city_67"
cep_69907260,"l10n_br_data_base.br_ac","69907260","Bom Destino","Rua","Izaura Parente","l10n_br_data_base.city_67"
cep_69907270,"l10n_br_data_base.br_ac","69907270","Almirante Jaceguai","Rua","Izaura Parente","l10n_br_data_base.city_67"
cep_69907280,"l10n_br_data_base.br_ac","69907280","Fernando Lira","Rua","Izaura Parente","l10n_br_data_base.city_67"
cep_69907440,"l10n_br_data_base.br_ac","69907440","La Torre","Rua","Estação Experimental","l10n_br_data_base.city_67"
cep_69907300,"l10n_br_data_base.br_ac","69907300","C","Rua","São Francisco","l10n_br_data_base.city_67"
cep_69907430,"l10n_br_data_base.br_ac","69907430","Veneza","Rua","Estação Experimental","l10n_br_data_base.city_67"
cep_69907310,"l10n_br_data_base.br_ac","69907310","D","Rua","São Francisco","l10n_br_data_base.city_67"
cep_69907190,"l10n_br_data_base.br_ac","69907190","Ari Rodrigues","Rua","Abrahão Alab","l10n_br_data_base.city_67"
cep_69907480,"l10n_br_data_base.br_ac","69907480","Jandaia","Rua","Estação Experimental","l10n_br_data_base.city_67"
cep_69906280,"l10n_br_data_base.br_ac","69906280","Thomé de Souza","Rua","Floresta","l10n_br_data_base.city_67"
cep_69901360,"l10n_br_data_base.br_ac","69901360","Hernandes Fernandes","Travessa","Quinze","l10n_br_data_base.city_67"
cep_69901365,"l10n_br_data_base.br_ac","69901365","AC-040","Rodovia","Triângulo","l10n_br_data_base.city_67"
cep_69901450,"l10n_br_data_base.br_ac","69901450","Beira-Rio","Rua","Cadeia Nova","l10n_br_data_base.city_67"
cep_69901460,"l10n_br_data_base.br_ac","69901460","Barra do Sol","Rua","Cadeia Nova","l10n_br_data_base.city_67"
cep_69901470,"l10n_br_data_base.br_ac","69901470","Triunfo","Rua","Cadeia Nova","l10n_br_data_base.city_67"
cep_69901480,"l10n_br_data_base.br_ac","69901480","Poços de Caldas","Rua","Cadeia Nova","l10n_br_data_base.city_67"
cep_69901485,"l10n_br_data_base.br_ac","69901485","Guajará","Rua","Cadeia Nova","l10n_br_data_base.city_67"
cep_69902260,"l10n_br_data_base.br_ac","69902260","AC-040","Rodovia","Corrente","l10n_br_data_base.city_67"
cep_69901310,"l10n_br_data_base.br_ac","69901310","Onófrio Alves das Neves","Rua","Quinze","l10n_br_data_base.city_67"
cep_69907580,"l10n_br_data_base.br_ac","69907580","Pernambuco","Rua","Bosque","l10n_br_data_base.city_67"
cep_69907610,"l10n_br_data_base.br_ac","69907610","Daniel de Matos","Rua","Nova Estação","l10n_br_data_base.city_67"
cep_69907470,"l10n_br_data_base.br_ac","69907470","Macapá","Rua","Estação Experimental","l10n_br_data_base.city_67"
cep_69907321,"l10n_br_data_base.br_ac","69907321","Casa Nova","Conjunto","São Francisco","l10n_br_data_base.city_67"
cep_69907490,"l10n_br_data_base.br_ac","69907490","Jaguari","Rua","Estação Experimental","l10n_br_data_base.city_67"
cep_69907500,"l10n_br_data_base.br_ac","69907500","Treze","Rua","Estação Experimental","l10n_br_data_base.city_67"
cep_69907510,"l10n_br_data_base.br_ac","69907510","Dom Pedro I","Rua","Estação Experimental","l10n_br_data_base.city_67"
cep_69907520,"l10n_br_data_base.br_ac","69907520","Tapajós","Rua","Estação Experimental","l10n_br_data_base.city_67"
cep_69907530,"l10n_br_data_base.br_ac","69907530","Parque das Nações","Conjunto","Izaura Parente","l10n_br_data_base.city_67"
cep_69907540,"l10n_br_data_base.br_ac","69907540","Manoel Julião","Conjunto","Izaura Parente","l10n_br_data_base.city_67"
cep_69907550,"l10n_br_data_base.br_ac","69907550","Padre Thiago","Travessa","Bosque","l10n_br_data_base.city_67"
cep_69907650,"l10n_br_data_base.br_ac","69907650","Isaura Parente","Rua","Izaura Parente","l10n_br_data_base.city_67"
cep_69907570,"l10n_br_data_base.br_ac","69907570","Padre Hugo","Travessa","Bosque","l10n_br_data_base.city_67"
cep_69907420,"l10n_br_data_base.br_ac","69907420","Icó","Rua","Estação Experimental","l10n_br_data_base.city_67"
cep_69907590,"l10n_br_data_base.br_ac","69907590","Formosa","Rua","Estação Experimental","l10n_br_data_base.city_67"
cep_69907450,"l10n_br_data_base.br_ac","69907450","Sebastião Dantas","Rua","Estação Experimental","l10n_br_data_base.city_67"
cep_69908060,"l10n_br_data_base.br_ac","69908060","Castro Alves","Rua","Bosque","l10n_br_data_base.city_67"
cep_69908480,"l10n_br_data_base.br_ac","69908480","Feijó","Travessa","Base","l10n_br_data_base.city_67"
cep_69908490,"l10n_br_data_base.br_ac","69908490","Plínio Brandão","Rua","Base","l10n_br_data_base.city_67"
cep_69908500,"l10n_br_data_base.br_ac","69908500","Tarauacá","Rua","Base","l10n_br_data_base.city_67"
cep_69908510,"l10n_br_data_base.br_ac","69908510","Copacabana","Rua","Centro","l10n_br_data_base.city_67"
cep_69908520,"l10n_br_data_base.br_ac","69908520","Benjamim Constant","Rua","Centro","l10n_br_data_base.city_67"
cep_69908550,"l10n_br_data_base.br_ac","69908550","Morro","Travessa","Alegria","l10n_br_data_base.city_67"
cep_69908400,"l10n_br_data_base.br_ac","69908400","Gowdevasser Santos","Rua","Bosque","l10n_br_data_base.city_67"
cep_69908160,"l10n_br_data_base.br_ac","69908160","Espírito Santo","Rua","Bosque","l10n_br_data_base.city_67"
cep_69908010,"l10n_br_data_base.br_ac","69908010","Quintino Bocaiúva","Rua","Centro","l10n_br_data_base.city_67"
cep_69908020,"l10n_br_data_base.br_ac","69908020","Franco Ribeiro","Rua","Centro","l10n_br_data_base.city_67"
cep_69908030,"l10n_br_data_base.br_ac","69908030","Floriano Peixoto","Rua","Centro","l10n_br_data_base.city_67"
cep_69907311,"l10n_br_data_base.br_ac","69907311","Tropical I, II, III","Conjunto","São Francisco","l10n_br_data_base.city_67"
cep_69908050,"l10n_br_data_base.br_ac","69908050","São João","Rua","Centro","l10n_br_data_base.city_67"
cep_69908450,"l10n_br_data_base.br_ac","69908450","Xapuri","Rua","Base","l10n_br_data_base.city_67"
cep_69908070,"l10n_br_data_base.br_ac","69908070","João XXIII","Rua","Bosque","l10n_br_data_base.city_67"
cep_69908080,"l10n_br_data_base.br_ac","69908080","Dom Giocondo","Rua","Bosque","l10n_br_data_base.city_67"
cep_69908090,"l10n_br_data_base.br_ac","69908090","Rondônia","Rua","Bosque","l10n_br_data_base.city_67"
cep_69908120,"l10n_br_data_base.br_ac","69908120","São Paulo","Conjunto","Bosque","l10n_br_data_base.city_67"
cep_69908130,"l10n_br_data_base.br_ac","69908130","Dom Pedro II","Conjunto","Bosque","l10n_br_data_base.city_67"
cep_69908290,"l10n_br_data_base.br_ac","69908290","Antônio Camelo","Rua","Bosque","l10n_br_data_base.city_67"
cep_69908150,"l10n_br_data_base.br_ac","69908150","Paraná","Rua","Bosque","l10n_br_data_base.city_67"
cep_69908280,"l10n_br_data_base.br_ac","69908280","Bela Vista","Rua","Bosque","l10n_br_data_base.city_67"
cep_69908170,"l10n_br_data_base.br_ac","69908170","Alan Kardec","Rua","Bosque","l10n_br_data_base.city_67"
cep_69908180,"l10n_br_data_base.br_ac","69908180","Severiano","Rua","Bosque","l10n_br_data_base.city_67"
cep_69908190,"l10n_br_data_base.br_ac","69908190","Manoel Castor de Araújo","Rua","Bosque","l10n_br_data_base.city_67"
cep_69908040,"l10n_br_data_base.br_ac","69908040","Arlindo Leal","Rua","Centro","l10n_br_data_base.city_67"
cep_69908330,"l10n_br_data_base.br_ac","69908330","José de Melo","Rua","Bosque","l10n_br_data_base.city_67"
cep_69901345,"l10n_br_data_base.br_ac","69901345","Guarani","Rua","Triângulo","l10n_br_data_base.city_67"
cep_69907331,"l10n_br_data_base.br_ac","69907331","Tiarajú","Conjunto","São Francisco","l10n_br_data_base.city_67"
cep_69907340,"l10n_br_data_base.br_ac","69907340","Santa Inês","Travessa","São Francisco","l10n_br_data_base.city_67"
cep_69907360,"l10n_br_data_base.br_ac","69907360","Luiz Gonzaga","Rua","São Francisco","l10n_br_data_base.city_67"
cep_69907390,"l10n_br_data_base.br_ac","69907390","Senador Kairala","Rua","Estação Experimental","l10n_br_data_base.city_67"
cep_69907400,"l10n_br_data_base.br_ac","69907400","Saldanha Marinho","Rua","Estação Experimental","l10n_br_data_base.city_67"
cep_69907410,"l10n_br_data_base.br_ac","69907410","Geraldo Mesquita","Rua","Estação Experimental","l10n_br_data_base.city_67"
cep_69908000,"l10n_br_data_base.br_ac","69908000","Catraeiros","Praça","Centro","l10n_br_data_base.city_67"
cep_69907290,"l10n_br_data_base.br_ac","69907290","Primavera","Rua","São Francisco","l10n_br_data_base.city_67"
cep_69908420,"l10n_br_data_base.br_ac","69908420","Epaminondas Jácome","Avenida","Base","l10n_br_data_base.city_67"
cep_69908300,"l10n_br_data_base.br_ac","69908300","João Onofre","Rua","Bosque","l10n_br_data_base.city_67"
cep_69908470,"l10n_br_data_base.br_ac","69908470","Cruzeiro do Sul","Travessa","Base","l10n_br_data_base.city_67"
cep_69908320,"l10n_br_data_base.br_ac","69908320","Epaminondas Martins","Rua","Bosque","l10n_br_data_base.city_67"
cep_69908460,"l10n_br_data_base.br_ac","69908460","Sena Madureira","Rua","Base","l10n_br_data_base.city_67"
cep_69908340,"l10n_br_data_base.br_ac","69908340","Barão do Rio Branco","Rua","Bosque","l10n_br_data_base.city_67"
cep_69908350,"l10n_br_data_base.br_ac","69908350","Padre Manoel da Nóbrega","Rua","Bosque","l10n_br_data_base.city_67"
cep_69908360,"l10n_br_data_base.br_ac","69908360","Bartolomeu Bueno","Rua","Bosque","l10n_br_data_base.city_67"
cep_69908370,"l10n_br_data_base.br_ac","69908370","da Alegria","Rua","Bosque","l10n_br_data_base.city_67"
cep_69908380,"l10n_br_data_base.br_ac","69908380","São Januário","Rua","Bosque","l10n_br_data_base.city_67"
cep_69908390,"l10n_br_data_base.br_ac","69908390","Farroupilha","Rua","Bosque","l10n_br_data_base.city_67"
cep_69907645,"l10n_br_data_base.br_ac","69907645","São Vicente","Rua","Abrahão Alab","l10n_br_data_base.city_67"
cep_69908410,"l10n_br_data_base.br_ac","69908410","Henrique Dias","Rua","Bosque","l10n_br_data_base.city_67"
cep_69908270,"l10n_br_data_base.br_ac","69908270","Manoel Cassiano","Rua","Bosque","l10n_br_data_base.city_67"
cep_69908430,"l10n_br_data_base.br_ac","69908430","Barbosa Lima","Rua","Base","l10n_br_data_base.city_67"
cep_69908440,"l10n_br_data_base.br_ac","69908440","Estado do Acre","Rua","Base","l10n_br_data_base.city_67"
cep_69907320,"l10n_br_data_base.br_ac","69907320","B","Rua","São Francisco","l10n_br_data_base.city_67"
cep_69908310,"l10n_br_data_base.br_ac","69908310","Alagoas","Rua","Bosque","l10n_br_data_base.city_67"
cep_69901120,"l10n_br_data_base.br_ac","69901120","Doze de Outubro","Rua","Seis de Agosto","l10n_br_data_base.city_67"
